Entry Id,Sport,Date,Title,SalaryCap,Score,Opp Score,Position,Entries,Opponent,Entry ($),Winnings ($),Link
S3690557102,nba,2026/05/15,$1.5K Fri NBA Shot ($500 to 1st),$60k,189,,62,172,Tournament,9,0,/entry/BCXTBXURV,
S3690545278,nba,2026/05/15,NBA Mini Swat (EPE),$60k,189,,5,23,Tournament,1,2.50,/entry/CYNDXHPZZ,
S3690033564,nba,2026/05/13,$50 NBA Small Fadeaway (Everyone Gets Paid),$60k,286.15,,1,174,Tournament,0.25,1.01,/entry/DEKCAFWMX,
S3690033551,nba,2026/05/13,$50 NBA Small Fadeaway (Everyone Gets Paid),$60k,286.15,,1,174,Tournament,0.25,1.01,/entry/ARDWOHYPR,
S3690033535,nba,2026/05/13,$50 NBA Small Fadeaway (Everyone Gets Paid),$60k,286.15,,1,174,Tournament,0.25,1.01,/entry/BHSWRGWZN,
S3690033513,nba,2026/05/13,$50 NBA Small Fadeaway (Everyone Gets Paid),$60k,286.15,,1,174,Tournament,0.25,1.01,/entry/BIGUDYIXJ,
S3690033499,nba,2026/05/13,$50 NBA Small Fadeaway (Everyone Gets Paid),$60k,286.15,,1,174,Tournament,0.25,1.01,/entry/BAGFVSTFB,
S3690033479,nba,2026/05/13,$50 NBA Small Fadeaway (Everyone Gets Paid),$60k,286.15,,1,174,Tournament,0.25,1.01,/entry/BPTKZFAUP,
S3690033469,nba,2026/05/13,$50 NBA Small Fadeaway (Everyone Gets Paid),$60k,286.15,,1,174,Tournament,0.25,1.01,/entry/EVSGMPZUL,
S3690033060,nba,2026/05/13,$250 NBA Double Up ($5),$60k,286.15,,1,49,Tournament,5,10.00,/entry/BWSEIJEOL,
S3690032996,nba,2026/05/13,$100 NBA Double Up ($2),$60k,286.15,,1,48,Tournament,2,4.00,/entry/AXAUYDENV,
S3690032880,nba,2026/05/13,$100 NBA Double Up ($2),$60k,286.15,,1,49,Tournament,2,4.00,/entry/CUFXTXIXR,
S3690028235,nba,2026/05/13,NBA Mini Swat (EPE),$60k,286.15,,1,14,Tournament,1,8.00,/entry/ELAEWMPFR,
S3690028129,nba,2026/05/13,$1K NBA Small Shot,$60k,286.15,,6,306,Tournament,3,23.33,/entry/DKHAMMMNN,
S3690028077,nba,2026/05/13,$250 NBA Small Swat,$60k,286.15,,4,217,Tournament,1,7.00,/entry/DOOGJWDWH,
S3690027842,nba,2026/05/13,Satellite to PGA Mega Eagle on 6/18 (20 Tickets),$60k,286.15,,2,89,Tournament,2,0,/entry/DCUJRNGNN,
S3690027091,nba,2026/05/13,Satellite to PGA Monster on 6/18,$60k,286.15,,3,55,Tournament,2,0,/entry/DIRIBIMLR,
S3689991586,mlb,2026/05/13,$200 Wed MLB Bunt (Single Entry),$35k,70.80,,110,173,Tournament,1,0,/entry/DBEQTWWBW,
S3689931738,mlb,2026/05/13,MLB tournament,$35k,,,0,,Cancelled,9,0,/entry/ATHLXYGWF, voided
S3689931692,mlb,2026/05/13,$100 MLB Double Up ($2),$35k,70.80,,31,47,Tournament,2,0,/entry/BAGFGNMVP,
S3689926675,nba,2026/05/13,$200 NBA Double Up ($2),$60k,286.15,,1,89,Tournament,2,4.00,/entry/EBXVDTFVL,
S3689926591,nba,2026/05/13,$500 NBA Quintuple Up - 5x (10),$60k,286.15,,1,39,Tournament,10,50.00,/entry/BUOOBMUXT,
S3689926536,nba,2026/05/13,$300 NBA Triple Up ($2),$60k,286.15,,1,87,Tournament,2,6.00,/entry/EWUBEFOMR,
S3689925968,nba,2026/05/13,NBA tournament,$60k,,,0,,Cancelled,2,0,/entry/BYVTZLKAZ, voided
S3689925835,nba,2026/05/13,$250 NBA Small Dribbler (Single Entry),$60k,286.15,,3,149,Tournament,1,8.33,/entry/CGWIHYLQN,
S3689925778,nba,2026/05/13,$500 NBA Small Rebound,$60k,286.15,,1,41,Tournament,12,100.00,/entry/DSVLXEUXT,
S3689925361,nba,2026/05/13,$2K Wed NBA Piggy Bank Shot (150 Entries Max),$60k,286.15,,392,35502,Tournament,0.05,0.20,/entry/BCXTAIUHD,
S3689848782,mlb,2026/05/13,$100 MLB Double Up ($2),$60k,82.80,,22,50,Tournament,2,4.00,/entry/BSYVSUEYK,
S3689846618,mlb,2026/05/13,$1.5K Wed MLB Pinch Hit (Only $0.25 to Enter),$35k,106.10,,2173,6275,Tournament,0.25,0,/entry/BIGUFJQJI,
S3689846589,mlb,2026/05/13,$200 Wed MLB Stolen Base (Single Entry),$35k,106.10,,28,79,Tournament,2,3.20,/entry/EAIDAXMRI,
S3689656916,nba,2026/05/12,$100 NBA Double Up ($2),$60k,228.85,,20,46,Tournament,2,4.00,/entry/EUQLHGMFD,
S3689656708,nba,2026/05/12,$50 NBA Small Fadeaway (Everyone Gets Paid),$60k,228.85,,39,159,Tournament,0.25,0.29,/entry/AOMIXQRZX,
S3689656676,nba,2026/05/12,NBA Mini Swat (EPE),$60k,228.85,,6,23,Tournament,1,2.00,/entry/CAZJZZSAV,
S3689656658,nba,2026/05/12,NBA Mini Swat (EPE),$60k,228.85,,4,18,Tournament,1,4.00,/entry/BHSWLKAEN,
S3689652811,nba,2026/05/12,$500 NBA Small Rebound,$60k,228.85,,23,39,Tournament,12,0,/entry/AMWQSCCWB,
S3689652620,nba,2026/05/12,$250 NBA Small Dribbler (Single Entry),$60k,228.85,,41,127,Tournament,1,2.00,/entry/CNHELXASZ,
S3689652421,nba,2026/05/12,$250 NBA Small Swat,$60k,228.85,,89,209,Tournament,1,0,/entry/ESMVPTBWN,
S3689652025,nba,2026/05/12,$1K NBA Small Shot,$60k,228.85,,131,274,Tournament,3,0,/entry/DEKCBRDZH,
S3689651737,nba,2026/05/12,$5K Tue NBA Fadeaway (Only $0.25 to Enter),$60k,228.85,,5581,17386,Tournament,0.25,0.50,/entry/AMWQTCFMJ,
S3689651723,nba,2026/05/12,$2K Tue NBA Piggy Bank Shot (150 Entries Max),$60k,228.85,,8285,31303,Tournament,0.05,0.10,/entry/EGSYXRQKZ,
S3689651658,nba,2026/05/12,$800 Tue NBA Block (Single Entry),$60k,228.85,,109,384,Tournament,2,3.20,/entry/BJIPEWHEB,
S3689651456,nba,2026/05/12,$4K Tue NBA Pick N&#039; Roll (25 Entries Max),$60k,228.85,,526,1469,Tournament,2.22,2.35,/entry/CTECWHELP,
S3689651353,nba,2026/05/12,$250 NBA Double Up ($5),$60k,228.85,,27,47,Tournament,5,0,/entry/CHYDQAVGF,
S3689651322,nba,2026/05/12,$100 NBA Double Up ($2),$60k,228.85,,22,43,Tournament,2,4.00,/entry/EFDGLYSOR,
S3689651279,nba,2026/05/12,$200 NBA Double Up ($2),$60k,228.85,,34,77,Tournament,2,4.00,/entry/FDSUXDGQV,
S3689651226,nba,2026/05/12,$300 NBA Triple Up ($2),$60k,228.85,,32,78,Tournament,2,6.00,/entry/ASFRPRBSF,
S3689651088,nba,2026/05/12,$500 NBA Quintuple Up - 5x (10),$60k,228.85,,22,41,Tournament,10,0,/entry/CBNHTZIGB,
S3689307497,nba,2026/05/11,$1K NBA Small Shot,$60k,336,,64,337,Tournament,3,5.00,/entry/ACSLOGBZV,
S3689307085,nba,2026/05/11,$800 Mon NBA Shot ($150 to 1st),$60k,336,,16,94,Tournament,9,18.00,/entry/EMPWIVNNF,
S3689303919,nba,2026/05/11,NBA Mini Swat (EPE),$60k,183.45,,12,26,Tournament,1,0,/entry/BJIOIUBJF,
S3689303483,nba,2026/05/11,$150 Mon NBA All Rookie (No Experienced Players),$60k,336.20,,3,59,Tournament,2,9.00,/entry/BUAPYBCGH,
S3689302764,nba,2026/05/11,NBA Mini Swat (EPE),$60k,336,,3,21,Tournament,1,5.00,/entry/DIRGZFQXF,
S3689302757,nba,2026/05/11,NBA Mini Swat (EPE),$60k,336,,2,17,Tournament,1,6.00,/entry/ECLSABPVN,
S3689302689,nba,2026/05/11,$250 NBA Small Dribbler (Single Entry),$60k,336,,38,203,Tournament,1,2.50,/entry/CBNGTPGAT,
S3689302469,nba,2026/05/11,NBA tournament,$60k,,,0,,Cancelled,2,0,/entry/DGNRAZABR, voided
S3689302448,nba,2026/05/11,$150 Mon NBA All Rookie (No Experienced Players),$60k,336,,6,59,Tournament,2,7.00,/entry/CKPQBHMNJ,
S3689302354,nba,2026/05/11,$300 NBA Double Up ($10),$60k,336,,13,30,Tournament,10,20.00,/entry/ADUGLLBQH,
S3689302248,nba,2026/05/11,$500 NBA Quintuple Up - 5x (10),$60k,336,,18,49,Tournament,10,0,/entry/EYXQMOIGH,
S3689302200,nba,2026/05/11,$200 NBA Double Up ($2),$60k,336,,31,96,Tournament,2,4.00,/entry/DWOTQZAQL,
S3689302111,nba,2026/05/11,$300 NBA Triple Up ($2),$60k,336,,30,102,Tournament,2,6.00,/entry/ATHLPIOBR,
S3689301911,nba,2026/05/11,$2K Mon NBA Shot ($500 to 1st),$60k,183.45,,96,237,Tournament,9,0,/entry/CIZXPOORB,
S3689290826,nba,2026/05/11,$2.5K Mon NBA Piggy Bank Shot (150 Entries Max),$60k,336,,4872,51003,Tournament,0.05,0.11,/entry/DGNRMDVXR,
S3688828427,nba,2026/05/10,NBA Mini Swat (EPE),$60k,304.30,,1,16,Tournament,1,8.00,/entry/EYJTNFQJY,
S3688828388,nba,2026/05/10,NBA Mini Swat (EPE),$60k,304.30,,1,13,Tournament,1,8.00,/entry/EAWABRMAS,
S3688827741,nba,2026/05/10,$250 NBA Double Up ($5),$60k,304.30,,1,52,Tournament,5,10.00,/entry/CFGPSFDHQ,
S3688827695,nba,2026/05/10,$100 NBA Double Up ($2),$60k,304.30,,2,50,Tournament,2,4.00,/entry/CHYDDOKWW,
S3688827643,nba,2026/05/10,$100 NBA Double Up ($2),$60k,304.30,,2,51,Tournament,2,4.00,/entry/ERYXRLPHA,
S3688827580,nba,2026/05/10,$200 NBA Double Up ($2),$60k,304.30,,2,87,Tournament,2,4.00,/entry/ASFRDMDGC,
S3688827416,nba,2026/05/10,$500 NBA Quintuple Up - 5x (10),$60k,304.30,,2,46,Tournament,10,50.00,/entry/AEIEMAFKC,
S3688827356,nba,2026/05/10,$300 NBA Triple Up ($2),$60k,304.30,,2,101,Tournament,2,6.00,/entry/EBXVBPHQW,
S3688827194,nba,2026/05/10,$2K Sun NBA Piggy Bank Shot (150 Entries Max),$60k,304.30,,522,43264,Tournament,0.05,0.20,/entry/DXCRROEKG,
S3688566835,nba,2026/05/09,$5K Sat NBA Pick &#039;N Roll (25 Entries Max),$60k,302.70,,640,2126,Tournament,2.22,4.00,/entry/AZEKSNDQS,
S3688563223,nba,2026/05/09,$250 NBA Small Dribbler (Single Entry),$60k,302.70,,43,172,Tournament,1,2.00,/entry/CPKUHOOJE,
S3688563123,nba,2026/05/09,$50 NBA Small Fadeaway (Everyone Gets Paid),$60k,302.70,,59,173,Tournament,0.25,0.25,/entry/ATVJXUTSW,
S3688562934,nba,2026/05/09,NBA Mini Swat (EPE),$60k,302.70,,4,15,Tournament,1,4.00,/entry/AOMJBCEOK,
S3688561761,nba,2026/05/09,$100 NBA Double Up ($2),$60k,302.70,,10,49,Tournament,2,4.00,/entry/BIURKWQUO,
S3688561706,nba,2026/05/09,$100 NBA Double Up ($2),$60k,302.70,,11,49,Tournament,2,4.00,/entry/BJWMKFOQG,
S3688561619,nba,2026/05/09,$250 NBA Double Up ($5),$60k,302.70,,9,47,Tournament,5,10.00,/entry/EXHYSPTQC,
S3688561421,nba,2026/05/09,$500 NBA Small Rebound,$60k,302.70,,9,41,Tournament,12,25.00,/entry/DNMLCBGAG,
S3688561388,nba,2026/05/09,$250 NBA Small Swat,$60k,302.70,,72,220,Tournament,1,0,/entry/ADGJRCWTA,
S3688561127,nba,2026/05/09,$1K NBA Small Shot,$60k,302.70,,96,295,Tournament,3,0,/entry/CMTGSIPFI,
S3688560247,nba,2026/05/09,$6K Sat NBA Fadeaway (Only $0.25 to Enter),$60k,302.70,,5482,24047,Tournament,0.25,0.50,/entry/EGSYRCCSK,
S3688559864,nba,2026/05/09,$150 Sat NBA All Rookie (No Experienced Players),$60k,302.70,,19,54,Tournament,2,4.00,/entry/BDZOBZJCW,
S3688559206,nba,2026/05/09,$200 NBA Double Up ($2),$60k,302.70,,23,82,Tournament,2,4.00,/entry/BHEZAHONE,
S3688558666,nba,2026/05/09,$1K Sat NBA SoloStat Points Only,$0k,98.50,,65,908,Tournament,1,0,/entry/AWMXGSRFQ,
S3688558526,nba,2026/05/09,$1K Sat NBA SoloStat Points Only,$0k,92.50,,348,908,Tournament,1,0,/entry/DHPMYVNQK,
S3688558430,nba,2026/05/09,$1K Sat NBA SoloStat Points Only,$0k,80.50,,640,908,Tournament,1,0,/entry/FBPEWSRLU,
S3688558397,nba,2026/05/09,$1K Sat NBA SoloStat Points Only,$0k,82.50,,594,908,Tournament,1,0,/entry/CMTGZBVSG,
S3688558284,nba,2026/05/09,$1K Sat NBA SoloStat Points Only,$0k,94.50,,276,908,Tournament,1,0,/entry/BUOOKGGNM,
S3688523002,nba,2026/05/09,NBA Mini Swat (EPE),$60k,190.50,,16,17,Tournament,1,0,/entry/DLIUSXFFZ,
S3688522235,nba,2026/05/09,$500 NBA Quintuple Up - 5x (10),$60k,302.70,,9,44,Tournament,10,50.00,/entry/CIZXTHNCX,
S3688522203,nba,2026/05/09,$300 NBA Triple Up ($2),$60k,302.70,,21,89,Tournament,2,6.00,/entry/BMABUKURN,
S3688522105,nba,2026/05/09,$2K Sat NBA Piggy Bank Shot (150 Entries Max),$60k,302.70,,9905,42662,Tournament,0.05,0.10,/entry/CBNGYIHCX,
S3688522044,nba,2026/05/09,NBA tournament,$60k,,,0,,Cancelled,15,0,/entry/EAICGCVGH, voided
S3688286661,nba,2026/05/08,$100 NBA Double Up ($2),$60k,333.50,,6,51,Tournament,2,4.00,/entry/AMWQVJWLU,
S3688282099,nba,2026/05/08,$1K Fri NBA Shot ($200 to 1st),$60k,333.50,,3,101,Tournament,9,67.50,/entry/ERYYNNUXE,
S3688275000,nba,2026/05/08,$500 Fri NBA Shot ($100 to 1st),$60k,193.65,,49,54,Tournament,9,0,/entry/EFDFOHMET,
S3688274830,nba,2026/05/08,NBA Mini Swat (EPE),$60k,193.65,,11,14,Tournament,1,0,/entry/EVEIEWKNZ,
S3688274529,nba,2026/05/08,NBA Mini Swat (EPE),$60k,333.50,,1,17,Tournament,1,8.00,/entry/CHKFGOMQD,
S3688274493,nba,2026/05/08,NBA Mini Swat (EPE),$60k,333.50,,1,21,Tournament,1,8.00,/entry/CLDNRGSBB,
S3688274364,nba,2026/05/08,$500 NBA Small Rebound,$60k,333.50,,3,42,Tournament,12,50.00,/entry/CQMONVOGX,
S3688273739,nba,2026/05/08,$1K NBA Small Shot,$60k,333.50,,15,344,Tournament,3,15.00,/entry/BJWLVEBFN,
S3688273648,nba,2026/05/08,$150 Fri NBA All Rookie (No Experienced Players),$60k,333.50,,4,69,Tournament,2,10.00,/entry/COWWCNVGL,
S3688272969,nba,2026/05/08,$500 NBA Quintuple Up - 5x (10),$60k,333.50,,2,44,Tournament,10,50.00,/entry/BMNZCQRGD,
S3688272872,nba,2026/05/08,$200 NBA Double Up ($2),$60k,333.50,,13,99,Tournament,2,4.00,/entry/EPVHESIQT,
S3688272670,nba,2026/05/08,$300 NBA Triple Up ($2),$60k,333.50,,13,112,Tournament,2,6.00,/entry/DDWDOXBPB,
S3688270409,nba,2026/05/08,$1K Fri NBA SoloStat Points Only,$0k,98,,75,257,Tournament,1,0,/entry/DRTQHXZVV,
S3688270328,nba,2026/05/08,$1K Fri NBA SoloStat Points Only,$0k,99,,63,257,Tournament,1,0,/entry/CSCGXRZVF,
S3688270239,nba,2026/05/08,$1K Fri NBA SoloStat Points Only,$0k,97.50,,78,257,Tournament,1,0,/entry/ERYXEVLUH,
S3688270146,nba,2026/05/08,$1K Fri NBA SoloStat Points Only,$0k,96.50,,104,257,Tournament,1,0,/entry/AVYZBOFEH,
S3688269951,nba,2026/05/08,$1K Fri NBA SoloStat Points Only,$0k,90.50,,126,257,Tournament,1,0,/entry/EBXUOZEED,
S3688268801,nba,2026/05/08,$300 Fri NBA Piggy Bank Shot (150 Entries Max),$60k,193.65,,5250,6678,Tournament,0.05,0,/entry/EYJTGEXVF,
S3688268182,nba,2026/05/08,$2.5K Fri NBA Piggy Bank Shot (150 Entries Max),$60k,333.50,,1514,53275,Tournament,0.05,0.15,/entry/CMTGGOVOT,
S3687968434,nba,2026/05/07,$250 NBA Small Swat,$60k,295.70,,64,245,Tournament,1,2.00,/entry/EIIRLOMIP,
S3687968275,nba,2026/05/07,$1K NBA Small Shot,$60k,295.70,,59,321,Tournament,3,6.00,/entry/COIZOGGHR,
S3687967212,nba,2026/05/07,$250 NBA Double Up ($5),$60k,295.70,,12,50,Tournament,5,10.00,/entry/ENRSJHEDJ,
S3687966562,nba,2026/05/07,$100 NBA Double Up ($2),$60k,295.70,,7,49,Tournament,2,4.00,/entry/DDWEXLRTV,
S3687966523,nba,2026/05/07,$100 NBA Double Up ($2),$60k,295.70,,10,48,Tournament,2,4.00,/entry/ELOCKTBKP,
S3687962842,nba,2026/05/07,$1K Thu NBA Shot ($200 to 1st),$60k,195.90,,51,107,Tournament,9,0,/entry/FDSVGPIZN,
S3687962466,nba,2026/05/07,NBA Mini Swat (EPE),$60k,295.70,,6,26,Tournament,1,2.00,/entry/AOMJOSKNF,
S3687958425,nba,2026/05/07,$200 NBA Double Up ($2),$60k,295.70,,20,94,Tournament,2,4.00,/entry/DLWRZGPMU,
S3687958332,nba,2026/05/07,$500 NBA Quintuple Up - 5x (10),$60k,295.70,,9,44,Tournament,10,50.00,/entry/BMACXYXSP,
S3687958216,nba,2026/05/07,$300 NBA Triple Up ($2),$60k,295.70,,20,106,Tournament,2,6.00,/entry/AHNOXZTFC,
S3687957690,nba,2026/05/07,$250 Thu NBA Block (Single Entry),$60k,295.70,,25,128,Tournament,2,4.00,/entry/BXTYLMDMU,
S3687957092,nba,2026/05/07,NBA Mini Swat (EPE),$60k,195.90,,9,18,Tournament,1,0,/entry/BJWLUDYPK,
S3687957008,nba,2026/05/07,$200 Thu NBA Block (Single Entry),$60k,195.90,,50,96,Tournament,2,0,/entry/DXQOSTIKM,
S3687954978,mlb,2026/05/07,$1K Thu MLB SoloStat Strikeouts Only,$0k,12,,487,876,Tournament,1,0,/entry/EXVVQUPXW,
S3687954715,mlb,2026/05/07,$1K Thu MLB SoloStat Strikeouts Only,$0k,13,,214,876,Tournament,1,0,/entry/AOMIIPELC,
S3687954425,mlb,2026/05/07,$1K Thu MLB SoloStat Strikeouts Only,$0k,14,,161,876,Tournament,1,0,/entry/BRJCQVXYU,
S3687954008,mlb,2026/05/07,$1K Thu MLB SoloStat Strikeouts Only,$0k,17,,48,876,Tournament,1,0,/entry/CXZFFNAMY,
S3687953666,mlb,2026/05/07,$1K Thu MLB SoloStat Strikeouts Only,$0k,8,,766,876,Tournament,1,0,/entry/BGDDGLLHO,
S3687947028,nba,2026/05/07,$300 Thu NBA Piggy Bank Shot (150 Entries Max),$60k,195.90,,2965,7034,Tournament,0.05,0,/entry/BKYGZGAHS,
S3687945992,nba,2026/05/07,$4K Thu NBA Piggy Bank Shot (150 Entries Max),$60k,295.70,,17984,80468,Tournament,0.05,0.10,/entry/DTXGJQDKI,
S3687610914,mlb,2026/05/06,$1.5K MLB Squeeze ($300 to 1st),$35k,96.60,,92,166,Tournament,9,0,/entry/CALMLPMPX,
S3687608271,nba,2026/05/06,NBA Mini Swat (EPE),$60k,265,,14,26,Tournament,1,0,/entry/EMPWULOBL,
S3687608144,nba,2026/05/06,NBA Mini Swat (EPE),$60k,265,,11,16,Tournament,1,0,/entry/DACVRYVBX,
S3687606555,nba,2026/05/06,NBA Mini Swat (EPE),$60k,224.40,,15,25,Tournament,1,0,/entry/AXAUNQZHL,
S3687604714,nba,2026/05/06,$150 Wed NBA All Rookie (No Experienced Players),$60k,265,,29,69,Tournament,2,0,/entry/ATHMIZJQJ,
S3687604318,nba,2026/05/06,$500 NBA Quintuple Up - 5x (10),$60k,265,,34,47,Tournament,10,0,/entry/DFLWVSCQN,
S3687604150,nba,2026/05/06,$200 NBA Double Up ($2),$60k,265,,67,97,Tournament,2,0,/entry/CZBAZMWRT,
S3687604037,nba,2026/05/06,$300 NBA Triple Up ($2),$60k,265,,81,114,Tournament,2,0,/entry/CMFJHJWRL,
S3687596546,mlb,2026/05/06,$3K Wed MLB Rally ($500 to 1st),$35k,105.60,,507,1001,Tournament,3,0,/entry/ALUVNHMXH,
S3687596372,mlb,2026/05/06,$2K Wed MLB Grand Slam ($500 to 1st),$35k,105.60,,24,61,Tournament,33,0,/entry/DPCDPJEHX,
S3687593535,mlb,2026/05/06,$100 Wed MLB Big $2 Quintuple Up (Top 10 Win),$35k,105.60,,15,49,Tournament,2,0,/entry/ADGJYWFWV,
S3687592551,mlb,2026/05/06,$150 Wed MLB All Rookie (No Experienced Players),$35k,105.60,,11,38,Tournament,2,5.00,/entry/DKUXZAFJH,
S3687589443,mlb,2026/05/06,$300 MLB Triple Up ($2),$35k,105.60,,56,122,Tournament,2,0,/entry/AHNPUJKXP,
S3687583799,mlb,2026/05/06,$2K Wed MLB Wiffle Ball (150 Entries Max),$35k,105.60,,19381,41423,Tournament,0.05,0,/entry/APAGSXWOZ,
S3687553751,nba,2026/05/06,$300 Wed NBA Piggy Bank Shot (150 Entries Max),$60k,224.40,,2894,7185,Tournament,0.05,0,/entry/ARDWCGSYO,
S3687549822,nba,2026/05/06,$2.5K Wed NBA Piggy Bank Shot (150 Entries Max),$60k,265,,26461,54200,Tournament,0.05,0,/entry/DUZBOVYBU,
S3687243673,mlb,2026/05/05,$4K Tue MLB Rally ($1K to 1st),$35k,108.30,,447,1229,Tournament,3,0,/entry/AAOVOCYSP,
S3687243560,mlb,2026/05/05,$2K Tue MLB Squeeze ($400 to 1st),$35k,108.30,,89,221,Tournament,9,0,/entry/EGFALTXTB,
S3687242020,mlb,2026/05/05,$250 MLB Small Bunt,$35k,108.30,,79,219,Tournament,1,0,/entry/BHEYHUOKH,
S3687240772,mlb,2026/05/05,$150 Tue MLB All Rookie (No Experienced Players),$35k,108.30,,25,59,Tournament,2,0,/entry/ALUVANQQL,
S3687240678,mlb,2026/05/05,$150 Tue MLB Big $2 Quintuple Up (Top 15 Win),$35k,108.30,,26,67,Tournament,2,0,/entry/CBNHAXKEL,
S3687240654,mlb,2026/05/05,$300 MLB Triple Up ($2),$35k,108.30,,56,133,Tournament,2,0,/entry/DRFTBHDSL,
S3687237692,nba,2026/05/05,$1.5K Tue NBA Block (Single Entry),$60k,193.25,,318,714,Tournament,2,0,/entry/BVQIOQUDV,
S3687235753,nba,2026/05/05,$150 Tue NBA All Rookie (No Experienced Players),$60k,307.70,,1,66,Tournament,2,17.50,/entry/DDWDUITPB,
S3687235399,nba,2026/05/05,NBA Mini Swat (EPE),$60k,307.70,,2,15,Tournament,1,6.00,/entry/BKKJJVSKP,
S3687235014,nba,2026/05/05,$400 Tue NBA Piggy Bank Shot (150 Entries Max),$60k,193.25,,3643,7110,Tournament,0.05,0,/entry/EDNNFOWFZ,
S3687234996,nba,2026/05/05,$400 Tue NBA Piggy Bank Shot (150 Entries Max),$60k,193.25,,3643,7110,Tournament,0.05,0,/entry/ACSLRNVQH,
S3687234972,nba,2026/05/05,$400 Tue NBA Piggy Bank Shot (150 Entries Max),$60k,193.25,,3643,7110,Tournament,0.05,0,/entry/EJKLOYXIH,
S3687234953,nba,2026/05/05,$400 Tue NBA Piggy Bank Shot (150 Entries Max),$60k,193.25,,3643,7110,Tournament,0.05,0,/entry/EKMGOHVDZ,
S3687234946,nba,2026/05/05,$400 Tue NBA Piggy Bank Shot (150 Entries Max),$60k,193.25,,3643,7110,Tournament,0.05,0,/entry/ADUGQWTLZ,
S3687234919,nba,2026/05/05,$400 Tue NBA Piggy Bank Shot (150 Entries Max),$60k,193.25,,3643,7110,Tournament,0.05,0,/entry/DTJIYJYZB,
S3687234911,nba,2026/05/05,$400 Tue NBA Piggy Bank Shot (150 Entries Max),$60k,193.25,,3643,7110,Tournament,0.05,0,/entry/DQRVNARJV,
S3687234900,nba,2026/05/05,$400 Tue NBA Piggy Bank Shot (150 Entries Max),$60k,193.25,,3643,7110,Tournament,0.05,0,/entry/AJDHNPIQL,
S3687234878,nba,2026/05/05,$400 Tue NBA Piggy Bank Shot (150 Entries Max),$60k,193.25,,3643,7110,Tournament,0.05,0,/entry/ATHLUQMYT,
S3687234868,nba,2026/05/05,$400 Tue NBA Piggy Bank Shot (150 Entries Max),$60k,193.25,,3643,7110,Tournament,0.05,0,/entry/CESRXQPDZ,
S3687234866,nba,2026/05/05,$400 Tue NBA Piggy Bank Shot (150 Entries Max),$60k,193.25,,3643,7110,Tournament,0.05,0,/entry/CFGPKIBBV,
S3687234859,nba,2026/05/05,$400 Tue NBA Piggy Bank Shot (150 Entries Max),$60k,193.25,,3643,7110,Tournament,0.05,0,/entry/CIZXVDZLJ,
S3687234846,nba,2026/05/05,NBA Mini Swat (EPE),$60k,193.25,,9,16,Tournament,1,0,/entry/DXQOVTQHV,
S3687234815,nba,2026/05/05,$400 Tue NBA Piggy Bank Shot (150 Entries Max),$60k,193.25,,3643,7110,Tournament,0.05,0,/entry/AYQMRJCDF,
S3687234805,nba,2026/05/05,$400 Tue NBA Piggy Bank Shot (150 Entries Max),$60k,193.25,,3643,7110,Tournament,0.05,0,/entry/CIMAIIUOX,
S3687234801,nba,2026/05/05,$400 Tue NBA Piggy Bank Shot (150 Entries Max),$60k,193.25,,3643,7110,Tournament,0.05,0,/entry/CIZXVAGMT,
S3687234797,nba,2026/05/05,$400 Tue NBA Piggy Bank Shot (150 Entries Max),$60k,193.25,,3643,7110,Tournament,0.05,0,/entry/FDSUCBDIP,
S3687234793,nba,2026/05/05,$400 Tue NBA Piggy Bank Shot (150 Entries Max),$60k,193.25,,3643,7110,Tournament,0.05,0,/entry/EAVZTUJUX,
S3687234791,nba,2026/05/05,$400 Tue NBA Piggy Bank Shot (150 Entries Max),$60k,193.25,,3643,7110,Tournament,0.05,0,/entry/EBXUTDHQP,
S3687234770,nba,2026/05/05,$400 Tue NBA Piggy Bank Shot (150 Entries Max),$60k,193.25,,3643,7110,Tournament,0.05,0,/entry/CMFITAZZV,
S3687231497,nba,2026/05/05,$500 NBA Quintuple Up - 5x (10),$60k,307.70,,5,41,Tournament,10,50.00,/entry/ELOBTVBSD,
S3687231166,nba,2026/05/05,$300 NBA Triple Up ($2),$60k,307.70,,9,124,Tournament,2,6.00,/entry/ATVJNXMKX,
S3687031194,nba,2026/05/05,$500 Rookie Weekly FDP Loyalty Free Play (1 of 4),$60k,307.70,,142,2114,Tournament,0,0.50,/entry/BTMTBWLBY,
S3687031059,mlb,2026/05/05,$4K Tue MLB Wiffle Ball (150 Entries Max),$35k,108.30,,25647,72105,Tournament,0.05,0.10,/entry/EDNNQEUHY,
S3686873386,nba,2026/05/04,$150 Mon NBA All Rookie (No Experienced Players),$60k,269.30,,17,66,Tournament,2,4.00,/entry/AGZSLKXPW,
S3686871156,nba,2026/05/04,$200 Mon NBA Dribbler (Single Entry),$60k,262.70,,99,238,Tournament,1,0,/entry/ELOCKTBKY,
S3686871012,nba,2026/05/04,$500 NBA Quintuple Up - 5x (10),$60k,262.70,,28,49,Tournament,10,0,/entry/DVMZUPHXO,
S3686870997,nba,2026/05/04,$300 NBA Triple Up ($2),$60k,262.70,,73,116,Tournament,2,0,/entry/AVLCVOXDO,
S3686870608,nba,2026/05/04,$250 Mon NBA Block (Single Entry),$60k,262.70,,76,148,Tournament,2,0,/entry/DKHATJLVS,
S3686870571,nba,2026/05/04,NBA Mini Swat (EPE),$60k,262.70,,11,19,Tournament,1,0,/entry/DVMZZXGYI,
S3686870558,nba,2026/05/04,NBA Mini Swat (EPE),$60k,262.70,,10,27,Tournament,1,0,/entry/CIMBKLQDS,
S3686870522,nba,2026/05/04,$150 Mon NBA All Rookie (No Experienced Players),$60k,262.70,,25,66,Tournament,2,0,/entry/AYCQHBXRK,
S3686532045,nba,2026/05/03,$500 Sun NBA Floater ($100 to 1st),$60k,357.60,,7,151,Tournament,3,12.50,/entry/FDSTYASWC,
S3686531746,nba,2026/05/03,$2K Sun NBA Shot ($500 to 1st),$60k,357.60,,4,132,Tournament,15,60.00,/entry/AXAUGIVAS,
S3686531228,nba,2026/05/03,NBA Mini Swat (EPE),$60k,357.60,,2,17,Tournament,1,6.00,/entry/AIBMPVLGG,
S3686531175,nba,2026/05/03,NBA Mini Swat (EPE),$60k,357.60,,1,17,Tournament,1,8.00,/entry/EZZLSMTNI,
S3686531115,nba,2026/05/03,$500 NBA Small Rebound,$60k,357.60,,2,40,Tournament,12,75.00,/entry/EFDFSPIQO,
S3686531051,nba,2026/05/03,$250 NBA Small Dribbler (Single Entry),$60k,357.60,,8,187,Tournament,1,6.00,/entry/CUTUPJJCW,
S3686529601,nba,2026/05/03,$100 NBA Double Up ($2),$60k,357.60,,3,47,Tournament,2,4.00,/entry/BCXSQWRRY,
S3686529518,nba,2026/05/03,$250 NBA Double Up ($5),$60k,357.60,,2,48,Tournament,5,10.00,/entry/CROJRXNKG,
S3686529171,nba,2026/05/03,$500 NBA Quintuple Up - 5x (10),$60k,357.60,,3,42,Tournament,10,50.00,/entry/EZZLTYAZM,
S3686528865,nba,2026/05/03,$200 NBA Double Up ($2),$60k,357.60,,4,87,Tournament,2,4.00,/entry/EYXQUSWCK,
S3686528705,nba,2026/05/03,$300 NBA Triple Up ($2),$60k,357.60,,3,86,Tournament,2,6.00,/entry/EPHKAMWQO,
S3686528367,nba,2026/05/03,$250 Sun NBA Shot,$60k,257.70,,5,30,Tournament,9,20.00,/entry/BRJCRHCVU,
S3686526419,nba,2026/05/03,$2K Sun NBA Piggy Bank Shot (150 Entries Max),$60k,357.60,,1711,44262,Tournament,0.05,0.15,/entry/ETOPVDRZQ,
S3685913525,nba,2026/05/01,$600 Fri NBA Piggy Bank Shot (150 Entries Max),$60k,218.35,,2101,10436,Tournament,0.05,0.10,/entry/ERLAOGFSX,
S3685913522,nba,2026/05/01,$600 Fri NBA Piggy Bank Shot (150 Entries Max),$60k,218.35,,2101,10436,Tournament,0.05,0.10,/entry/EWGDYHIZN,
S3685913521,nba,2026/05/01,$600 Fri NBA Piggy Bank Shot (150 Entries Max),$60k,218.35,,2101,10436,Tournament,0.05,0.10,/entry/ATVJYFYQH,
S3685913519,nba,2026/05/01,$600 Fri NBA Piggy Bank Shot (150 Entries Max),$60k,218.35,,2101,10436,Tournament,0.05,0.10,/entry/EWUBKYUXJ,
S3685913517,nba,2026/05/01,$600 Fri NBA Piggy Bank Shot (150 Entries Max),$60k,218.35,,2101,10436,Tournament,0.05,0.10,/entry/EXHYXQGVF,
S3685913515,nba,2026/05/01,$600 Fri NBA Piggy Bank Shot (150 Entries Max),$60k,218.35,,2101,10436,Tournament,0.05,0.10,/entry/AUXEXOWLZ,
S3685913513,nba,2026/05/01,$600 Fri NBA Piggy Bank Shot (150 Entries Max),$60k,218.35,,2101,10436,Tournament,0.05,0.10,/entry/ARDWMWRBB,
S3685913511,nba,2026/05/01,$600 Fri NBA Piggy Bank Shot (150 Entries Max),$60k,218.35,,2101,10436,Tournament,0.05,0.10,/entry/CNVBVZJNB,
S3685913510,nba,2026/05/01,$600 Fri NBA Piggy Bank Shot (150 Entries Max),$60k,218.35,,2101,10436,Tournament,0.05,0.10,/entry/EXVWKHSTB,
S3685913508,nba,2026/05/01,$600 Fri NBA Piggy Bank Shot (150 Entries Max),$60k,218.35,,2101,10436,Tournament,0.05,0.10,/entry/ASFRMFOWT,
S3685913507,nba,2026/05/01,$600 Fri NBA Piggy Bank Shot (150 Entries Max),$60k,218.35,,2101,10436,Tournament,0.05,0.10,/entry/CWXLDKECL,
S3685913505,nba,2026/05/01,$600 Fri NBA Piggy Bank Shot (150 Entries Max),$60k,218.35,,2101,10436,Tournament,0.05,0.10,/entry/BKYHNSPZJ,
S3685913504,nba,2026/05/01,$600 Fri NBA Piggy Bank Shot (150 Entries Max),$60k,218.35,,2101,10436,Tournament,0.05,0.10,/entry/ASTOYXAUP,
S3685913502,nba,2026/05/01,$600 Fri NBA Piggy Bank Shot (150 Entries Max),$60k,218.35,,2101,10436,Tournament,0.05,0.10,/entry/BLMFAKBXF,
S3685913501,nba,2026/05/01,$600 Fri NBA Piggy Bank Shot (150 Entries Max),$60k,218.35,,2101,10436,Tournament,0.05,0.10,/entry/BMACNBNVB,
S3685913497,nba,2026/05/01,$600 Fri NBA Piggy Bank Shot (150 Entries Max),$60k,218.35,,2101,10436,Tournament,0.05,0.10,/entry/DSHOQNYRN,
S3685913496,nba,2026/05/01,$600 Fri NBA Piggy Bank Shot (150 Entries Max),$60k,218.35,,2101,10436,Tournament,0.05,0.10,/entry/DCGMAGMFN,
S3685913494,nba,2026/05/01,$600 Fri NBA Piggy Bank Shot (150 Entries Max),$60k,218.35,,2101,10436,Tournament,0.05,0.10,/entry/EUCNZPNID,
S3685913493,nba,2026/05/01,$600 Fri NBA Piggy Bank Shot (150 Entries Max),$60k,218.35,,2101,10436,Tournament,0.05,0.10,/entry/DCUJMXYDJ,
S3685913490,nba,2026/05/01,$600 Fri NBA Piggy Bank Shot (150 Entries Max),$60k,218.35,,2101,10436,Tournament,0.05,0.10,/entry/DTJJPWWNF,
S3685913397,nba,2026/05/01,$600 Fri NBA Piggy Bank Shot (150 Entries Max),$60k,218.35,,2101,10436,Tournament,0.05,0.10,/entry/BAUDGYXOH,
S3685913395,nba,2026/05/01,$600 Fri NBA Piggy Bank Shot (150 Entries Max),$60k,218.35,,2101,10436,Tournament,0.05,0.10,/entry/FFINFSDOX,
S3685913394,nba,2026/05/01,$600 Fri NBA Piggy Bank Shot (150 Entries Max),$60k,218.35,,2101,10436,Tournament,0.05,0.10,/entry/EUQLLVUKD,
S3685913392,nba,2026/05/01,$600 Fri NBA Piggy Bank Shot (150 Entries Max),$60k,218.35,,2101,10436,Tournament,0.05,0.10,/entry/FFWKSJPMT,
S3685913388,nba,2026/05/01,$600 Fri NBA Piggy Bank Shot (150 Entries Max),$60k,218.35,,2101,10436,Tournament,0.05,0.10,/entry/DHBPKHPMD,
S3685913387,nba,2026/05/01,$600 Fri NBA Piggy Bank Shot (150 Entries Max),$60k,218.35,,2101,10436,Tournament,0.05,0.10,/entry/CSQFGHYQX,
S3685913385,nba,2026/05/01,$600 Fri NBA Piggy Bank Shot (150 Entries Max),$60k,218.35,,2101,10436,Tournament,0.05,0.10,/entry/FANJVFVML,
S3685913381,nba,2026/05/01,$600 Fri NBA Piggy Bank Shot (150 Entries Max),$60k,218.35,,2101,10436,Tournament,0.05,0.10,/entry/CTECSZKOT,
S3685913380,nba,2026/05/01,$600 Fri NBA Piggy Bank Shot (150 Entries Max),$60k,218.35,,2101,10436,Tournament,0.05,0.10,/entry/DDIGZPKBF,
S3685913379,nba,2026/05/01,$600 Fri NBA Piggy Bank Shot (150 Entries Max),$60k,218.35,,2101,10436,Tournament,0.05,0.10,/entry/BXGBTEEBV,
S3685913312,nba,2026/05/01,$600 Fri NBA Piggy Bank Shot (150 Entries Max),$60k,218.35,,2101,10436,Tournament,0.05,0.10,/entry/EAICYTOJV,
S3685913310,nba,2026/05/01,$600 Fri NBA Piggy Bank Shot (150 Entries Max),$60k,218.35,,2101,10436,Tournament,0.05,0.10,/entry/CWXLDRPZR,
S3685913309,nba,2026/05/01,$600 Fri NBA Piggy Bank Shot (150 Entries Max),$60k,218.35,,2101,10436,Tournament,0.05,0.10,/entry/FCQZTXRDV,
S3685913308,nba,2026/05/01,$600 Fri NBA Piggy Bank Shot (150 Entries Max),$60k,218.35,,2101,10436,Tournament,0.05,0.10,/entry/EFDGIURQL,
S3685913306,nba,2026/05/01,$600 Fri NBA Piggy Bank Shot (150 Entries Max),$60k,218.35,,2101,10436,Tournament,0.05,0.10,/entry/EFRDVMDOH,
S3685913303,nba,2026/05/01,$600 Fri NBA Piggy Bank Shot (150 Entries Max),$60k,218.35,,2101,10436,Tournament,0.05,0.10,/entry/CXLIQJBXN,
S3685913300,nba,2026/05/01,$600 Fri NBA Piggy Bank Shot (150 Entries Max),$60k,218.35,,2101,10436,Tournament,0.05,0.10,/entry/ABCTXAJKX,
S3685913295,nba,2026/05/01,$600 Fri NBA Piggy Bank Shot (150 Entries Max),$60k,218.35,,2101,10436,Tournament,0.05,0.10,/entry/FDEXGPDBR,
S3685913293,nba,2026/05/01,$600 Fri NBA Piggy Bank Shot (150 Entries Max),$60k,218.35,,2101,10436,Tournament,0.05,0.10,/entry/BHEZDPIIX,
S3685913074,nba,2026/05/01,NBA Mini Swat (EPE),$60k,218.35,,1,22,Tournament,1,8.00,/entry/CJNVZAXAD,
S3685913046,nba,2026/05/01,$600 Fri NBA Piggy Bank Shot (150 Entries Max),$60k,218.35,,2101,10436,Tournament,0.05,0.10,/entry/AAOWKQJKH,
S3685913000,nba,2026/05/01,$800 Fri NBA Dribbler (Single Entry),$60k,218.35,,98,685,Tournament,1,2.00,/entry/EUCNZLUJN,
S3685912316,mlb,2026/05/01,$800 Fri MLB Stolen Base (Single Entry),$35k,110,,217,386,Tournament,2,0,/entry/CNVBWZMDJ,
S3685912286,mlb,2026/05/01,$800 Fri MLB Pinch Hit (Only $0.25 to Enter),$35k,110,,1893,3470,Tournament,0.25,0,/entry/BODSMIHGX,
S3685369408,nba,2026/04/30,$4K Thu NBA Piggy Bank Shot (150 Entries Max),$60k,0,,92762,93818,Tournament,0.05,0,/entry/BCXSPLKGE,
S3685036697,mlb,2026/04/29,$100 MLB Double Up ($2),$60k,9,,45,47,Tournament,2,0,/entry/CBNHGJCFL,
S3685035564,mlb,2026/04/29,$250 Wed MLB Stolen Base (Single Entry),$35k,103.60,,61,135,Tournament,2,0,/entry/ADGJLJSYN,
S3684850945,mlb,2026/04/28,$1.5K MLB Squeeze ($300 to 1st),$60k,43.40,,79,154,Tournament,9,0,/entry/AOMIMLWBO,
S3684848899,mlb,2026/04/28,$100 MLB Double Up ($2),$60k,43.40,,25,35,Tournament,2,4.00,/entry/DSVLKHFQM,
S3684848784,nba,2026/04/28,NBA Mini Swat (EPE),$60k,219.10,,4,17,Tournament,1,3.00,/entry/DXQOUIIXC,
S3684848566,nba,2026/04/28,NBA Mini Swat (EPE),$60k,258.20,,5,10,Tournament,1,3.00,/entry/BHEYKRDKA,
S3684841437,mlb,2026/04/28,MLB tournament,$35k,,,0,,Cancelled,12,0,/entry/EQXCRKAPS, voided
S3684841113,mlb,2026/04/28,$300 MLB Triple Up ($5),$35k,168.30,,5,59,Tournament,5,15.00,/entry/DYSJYGPAM,
S3684839574,mlb,2026/04/28,$3.5K Tue MLB Wiffle Ball (150 Entries Max),$35k,168.30,,3465,56585,Tournament,0.05,0.15,/entry/CBNHDMNGY,
S3684839551,mlb,2026/04/28,$3.5K Tue MLB Wiffle Ball (150 Entries Max),$35k,168.30,,3465,56585,Tournament,0.05,0.15,/entry/ARDVZZBWA,
S3684839528,mlb,2026/04/28,$3.5K Tue MLB Wiffle Ball (150 Entries Max),$35k,168.30,,3465,56585,Tournament,0.05,0.15,/entry/EWUAXIOZG,
S3684839504,mlb,2026/04/28,$3.5K Tue MLB Wiffle Ball (150 Entries Max),$35k,168.30,,3465,56585,Tournament,0.05,0.15,/entry/ARRTMQNTW,
S3684839490,mlb,2026/04/28,$3.5K Tue MLB Wiffle Ball (150 Entries Max),$35k,168.30,,3465,56585,Tournament,0.05,0.15,/entry/CSCHGHSSE,
S3684839478,mlb,2026/04/28,$3.5K Tue MLB Wiffle Ball (150 Entries Max),$35k,168.30,,3465,56585,Tournament,0.05,0.15,/entry/BJWMBIKAA,
S3684839469,mlb,2026/04/28,$3.5K Tue MLB Wiffle Ball (150 Entries Max),$35k,168.30,,3465,56585,Tournament,0.05,0.15,/entry/ASFQZHZRS,
S3684839454,mlb,2026/04/28,$3.5K Tue MLB Wiffle Ball (150 Entries Max),$35k,168.30,,3465,56585,Tournament,0.05,0.15,/entry/AXORWAOWE,
S3684839442,mlb,2026/04/28,$3.5K Tue MLB Wiffle Ball (150 Entries Max),$35k,168.30,,3465,56585,Tournament,0.05,0.15,/entry/DMKPTRKPS,
S3684839428,mlb,2026/04/28,$3.5K Tue MLB Wiffle Ball (150 Entries Max),$35k,168.30,,3465,56585,Tournament,0.05,0.15,/entry/EUCNLZHKA,
S3684839407,mlb,2026/04/28,$3.5K Tue MLB Wiffle Ball (150 Entries Max),$35k,168.30,,3465,56585,Tournament,0.05,0.15,/entry/DSHODBLSA,
S3684839392,mlb,2026/04/28,$3.5K Tue MLB Wiffle Ball (150 Entries Max),$35k,168.30,,3465,56585,Tournament,0.05,0.15,/entry/CZBAPARQE,
S3684839367,mlb,2026/04/28,$3.5K Tue MLB Wiffle Ball (150 Entries Max),$35k,168.30,,3465,56585,Tournament,0.05,0.15,/entry/DSVLPSXPW,
S3684839346,mlb,2026/04/28,$3.5K Tue MLB Wiffle Ball (150 Entries Max),$35k,168.30,,3465,56585,Tournament,0.05,0.15,/entry/EZZLVJIMI,
S3684839328,mlb,2026/04/28,$3.5K Tue MLB Wiffle Ball (150 Entries Max),$35k,168.30,,3465,56585,Tournament,0.05,0.15,/entry/AVLBXBHHO,
S3684839305,mlb,2026/04/28,$3.5K Tue MLB Wiffle Ball (150 Entries Max),$35k,168.30,,3465,56585,Tournament,0.05,0.15,/entry/DRTQQJZUE,
S3684839288,mlb,2026/04/28,$3.5K Tue MLB Wiffle Ball (150 Entries Max),$35k,168.30,,3465,56585,Tournament,0.05,0.15,/entry/BENLEMBWY,
S3684839274,mlb,2026/04/28,$3.5K Tue MLB Wiffle Ball (150 Entries Max),$35k,168.30,,3465,56585,Tournament,0.05,0.15,/entry/BBVXTKGEY,
S3684839254,mlb,2026/04/28,$3.5K Tue MLB Wiffle Ball (150 Entries Max),$35k,168.30,,3465,56585,Tournament,0.05,0.15,/entry/DXQOZUAWM,
S3684837528,mlb,2026/04/28,$250 MLB Small Bunt,$35k,168.30,,20,201,Tournament,1,3.00,/entry/DTXGQFRAM,
S3684836703,mlb,2026/04/28,$150 Tue MLB All Rookie (No Experienced Players),$35k,168.30,,5,62,Tournament,2,7.00,/entry/DACVUGMHC,
S3684836524,mlb,2026/04/28,$300 MLB Triple Up ($2),$35k,168.30,,10,121,Tournament,2,6.00,/entry/BCXSYTTUM,
S3684835109,nba,2026/04/28,$250 NBA Small Swat,$60k,291.90,,48,240,Tournament,1,2.00,/entry/DKUXOZFDO,
S3684834525,nba,2026/04/28,Satellite to MLB Deuces Wild on 5/5,$60k,291.90,,8,70,Tournament,2,0,/entry/CPYROYBIE,
S3684834402,nba,2026/04/28,Satellite to MLB Deuces Wild on 5/5,$60k,291.90,,9,69,Tournament,2,0,/entry/BODSGDYOU,
S3684832129,nba,2026/04/28,$500 NBA Small Rebound,$60k,291.90,,8,44,Tournament,12,25.00,/entry/CWJNHZGLK,
S3684831426,nba,2026/04/28,$250 NBA Small Dribbler (Single Entry),$60k,291.90,,42,182,Tournament,1,2.00,/entry/DWOUFLQEI,
S3684830608,nba,2026/04/28,Satellite to PGA Monster on 5/14,$60k,291.90,,14,74,Tournament,2,0,/entry/AOMITQHKI,
S3684830472,nba,2026/04/28,$150 Tue NBA All Rookie (No Experienced Players),$60k,291.90,,11,62,Tournament,2,5.00,/entry/CLDOCSZWI,
S3684830212,nba,2026/04/28,$250 NBA Double Up ($5),$60k,291.90,,3,49,Tournament,5,10.00,/entry/AJRFJLLFC,
S3684829999,nba,2026/04/28,$100 NBA Double Up ($2),$60k,291.90,,11,49,Tournament,2,4.00,/entry/CXZFVHESM,
S3684829806,nba,2026/04/28,$100 NBA Double Up ($2),$60k,291.90,,11,51,Tournament,2,4.00,/entry/EVSGDLJCY,
S3684829573,nba,2026/04/28,$200 NBA Double Up ($2),$60k,291.90,,24,89,Tournament,2,4.00,/entry/DZGHRGCPK,
S3684829355,nba,2026/04/28,$300 NBA Triple Up ($2),$60k,291.90,,22,96,Tournament,2,6.00,/entry/AZEKNMQPC,
S3684827300,mlb,2026/04/28,$3.5K Tue MLB Wiffle Ball (150 Entries Max),$35k,168.30,,3465,56585,Tournament,0.05,0.15,/entry/DOAIRECCM,
S3684676864,nba,2026/04/28,$2.5K Tue NBA Piggy Bank Shot (150 Entries Max),$60k,291.90,,8394,59880,Tournament,0.05,0.11,/entry/CZOZACAMS,
S3684471164,mlb,2026/04/27,$1.5K MLB Squeeze ($300 to 1st),$60k,75.60,,90,141,Tournament,9,0,/entry/CKBRHIZBY,
S3684468564,nba,2026/04/27,NBA Mini Swat (EPE),$60k,275.20,,22,25,Tournament,1,0,/entry/DDWCFEQDI,
S3684467717,nba,2026/04/27,NBA Mini Swat (EPE),$60k,275.20,,19,21,Tournament,1,0,/entry/CDCXWMBYS,
S3684465742,nba,2026/04/27,NBA Mini Swat (EPE),$60k,220.80,,2,25,Tournament,1,4.50,/entry/DCGJZBDFA,
S3684464509,nba,2026/04/27,$50 NBA Small Fadeaway (Everyone Gets Paid),$0k,98.50,,2,133,Tournament,0.25,0.62,/entry/EHURTRGYG,
S3684464416,nba,2026/04/27,NBA Mini Swat (EPE),$0k,98.50,,1,6,Tournament,1,7.00,/entry/AFXVGZZFY,
S3684463678,nba,2026/04/27,$250 NBA Small Dribbler (Single Entry),$60k,275.20,,204,238,Tournament,1,0,/entry/EJKKGCVNQ,
S3684462286,nba,2026/04/27,$200 NBA Double Up ($2),$60k,275.20,,93,96,Tournament,2,0,/entry/BRJBGKVTU,
S3684462215,nba,2026/04/27,$500 NBA Quintuple Up - 5x (10),$60k,275.20,,41,46,Tournament,10,0,/entry/BAUBDPQIO,
S3684462128,nba,2026/04/27,$300 NBA Triple Up ($2),$60k,275.20,,93,102,Tournament,2,0,/entry/AGLSQFYLA,
S3684461478,nba,2026/04/27,$3.5K Mon NBA Piggy Bank Shot (150 Entries Max),$60k,275.20,,52711,63781,Tournament,0.05,0,/entry/EEBJFYTQK,
S3684445852,mlb,2026/04/27,$100 Mon MLB Big $2 Quintuple Up (Top 10 Win),$35k,123.90,,15,51,Tournament,2,0,/entry/CQMNNEALY,
S3684445206,mlb,2026/04/27,$150 Mon MLB All Rookie (No Experienced Players),$35k,85,,56,65,Tournament,2,0,/entry/AYQLORJBA,
S3684444397,mlb,2026/04/27,$150 Mon MLB All Rookie (No Experienced Players),$35k,123.90,,23,65,Tournament,2,4.00,/entry/FDSTACAZM,
S3684438363,mlb,2026/04/27,$250 MLB Small Bunt,$35k,123.90,,57,217,Tournament,1,2.00,/entry/BFPFFSOWS,
S3684437268,mlb,2026/04/27,$300 MLB Triple Up ($2),$35k,123.90,,26,130,Tournament,2,6.00,/entry/CIZWWQJVA,
S3684437015,mlb,2026/04/27,$2.5K Mon MLB Wiffle Ball (150 Entries Max),$35k,123.90,,13083,49400,Tournament,0.05,0.10,/entry/BRJBUTSLI,
S3684426414,mlb,2026/04/27,$1.5K MLB Squeeze ($300 to 1st),$60k,58.70,,5,140,Tournament,9,50.00,/entry/EUQKHWMTI,
S3684425407,mlb,2026/04/27,$100 MLB Double Up ($2),$60k,58.70,,1,42,Tournament,2,4.00,/entry/BJWLKZIHI,
S3683397037,nba,2026/04/24,$200 Fri NBA Piggy Bank Shot (143 Entries Max),$60k,200.20,,2817,4110,Tournament,0.05,0,/entry/EMBYHCOIO,
S3683396982,nba,2026/04/24,NBA Mini Swat (EPE),$60k,200.20,,14,19,Tournament,1,0,/entry/AUJGATUFM,
S3683396811,nba,2026/04/24,$1K Fri NBA Shot ($200 to 1st),$60k,200.20,,75,106,Tournament,9,0,/entry/EUCMPLWZM,
S3683383913,mlb,2026/04/24,$100 MLB Double Up ($2),$60k,98.80,,20,44,Tournament,2,4.00,/entry/CJNVANHJI,
S3683383776,mlb,2026/04/24,$8K Fri MLB Squeeze ($2K to 1st),$60k,98.80,,384,760,Tournament,9,0,/entry/AUJGNCLQK,
S3683380208,mlb,2026/04/24,$1K Fri MLB Stolen Base (Single Entry),$60k,98.80,,144,333,Tournament,2,4.00,/entry/CVVPDREHY,
S3682792295,mlb,2026/04/23,Satellite to MLB Deuces Wild on 5/5,$35k,105.40,,54,80,Tournament,2,0,/entry/BQHGEMUXS,
S3682792100,mlb,2026/04/23,$500 MLB Small Rally,$35k,105.40,,63,101,Tournament,5,0,/entry/BYVSEGQSU,
S3682790877,mlb,2026/04/23,Satellite to PGA Epic Monster on 8/20,$35k,105.40,,28,42,Tournament,4,0,/entry/ECZOJEYWM,
S3682790824,mlb,2026/04/23,Satellite to PGA Mega Eagle on 5/14 (20 Tickets),$35k,105.40,,62,107,Tournament,2,0,/entry/AJDGELUZG,
S3682790644,mlb,2026/04/23,$2K Thu MLB Squeeze ($400 to 1st),$35k,105.40,,131,214,Tournament,9,0,/entry/CZAZCAMIY,
S3682790400,mlb,2026/04/23,$100 Thu MLB Big $2 Quintuple Up (Top 10 Win),$35k,105.40,,30,51,Tournament,2,0,/entry/BVCJUHCAY,
S3682790115,mlb,2026/04/23,$500 MLB Small Line Drive,$35k,105.40,,24,41,Tournament,12,0,/entry/DXQNMXONW,
S3682789798,mlb,2026/04/23,Satellite to PGA Monster on 5/14,$35k,105.40,,25,41,Tournament,4,0,/entry/EPVGCAPPW,
S3682789635,mlb,2026/04/23,Satellite to PGA Epic Monster on 8/20,$35k,105.40,,28,41,Tournament,4,0,/entry/BJINCBXQU,
S3682788869,mlb,2026/04/23,$250 MLB Small Bunt,$35k,105.40,,106,169,Tournament,1,0,/entry/AJRDSHCMA,
S3682788594,mlb,2026/04/23,Satellite to PGA Monster on 5/14,$35k,105.40,,44,66,Tournament,2,0,/entry/CCBDDWKQQ,
S3682788441,mlb,2026/04/23,$250 Thu MLB Stolen Base (Single Entry),$35k,105.40,,71,125,Tournament,2,0,/entry/BWSCHDVME,
S3682788185,mlb,2026/04/23,$300 MLB Triple Up ($5),$35k,105.40,,26,57,Tournament,5,0,/entry/ACEMSWHCY,
S3682787852,mlb,2026/04/23,$300 MLB Triple Up ($2),$35k,105.40,,62,116,Tournament,2,0,/entry/CRAKUYSFO,
S3682786110,mlb,2026/04/23,$1K Thu MLB SoloStat Strikeouts Only,$0k,18,,271,785,Tournament,1,0,/entry/CWXJBAZNS,
S3682786026,mlb,2026/04/23,$1K Thu MLB SoloStat Strikeouts Only,$0k,14,,688,785,Tournament,1,0,/entry/BQHGIFTNS,
S3682785778,mlb,2026/04/23,$1K Thu MLB SoloStat Strikeouts Only,$0k,16,,473,785,Tournament,1,0,/entry/EZLMTKADK,
S3682785478,mlb,2026/04/23,$1K Thu MLB SoloStat Strikeouts Only,$0k,20,,55,785,Tournament,1,0,/entry/DTXFAFDWI,
S3682784929,mlb,2026/04/23,$1K Thu MLB SoloStat Strikeouts Only,$0k,19,,153,785,Tournament,1,0,/entry/EHURRUUQY,
S3682784009,mlb,2026/04/23,$1.5K Thu MLB Wiffle Ball (150 Entries Max),$35k,105.40,,22509,35069,Tournament,0.05,0,/entry/DOAGRNTNC,
S3682599727,mlb,2026/04/22,$1K Wed MLB Rally ($100 to 1st),$35k,150.40,,149,342,Tournament,3,0,/entry/CVHQKSTJV,
S3682599714,mlb,2026/04/22,$1K Wed MLB Squeeze ($200 to 1st),$35k,150.40,,50,113,Tournament,9,0,/entry/CVVNXKFHR,
S3681896895,mlb,2026/04/20,$400 Mon MLB Stolen Base (Single Entry),$60k,89.85,,90,200,Tournament,2,0,/entry/EIWNSVJGF,
S3681896815,mlb,2026/04/20,$4K Mon MLB Squeeze ($1K to 1st),$60k,89.85,,239,449,Tournament,9,0,/entry/CXLHPVHAZ,
S3681896086,mlb,2026/04/20,$100 MLB Double Up ($2),$60k,89.85,,22,37,Tournament,2,4.00,/entry/BQVEXLFWV,
S3681884473,nba,2026/04/20,$3K Mon NBA Shot ($1K to 1st),$60k,266.10,,256,337,Tournament,9,0,/entry/CROIHBGJU,
S3681884396,nba,2026/04/20,$50 NBA Small Fadeaway (Everyone Gets Paid),$60k,266.10,,130,190,Tournament,0.25,0.15,/entry/ACEMWWRRA,
S3681884392,nba,2026/04/20,$50 NBA Small Fadeaway (Everyone Gets Paid),$60k,266.10,,130,190,Tournament,0.25,0.15,/entry/ASFPNALEK,
S3681884391,nba,2026/04/20,$50 NBA Small Fadeaway (Everyone Gets Paid),$60k,266.10,,130,190,Tournament,0.25,0.15,/entry/ACSKJODOW,
S3681884163,nba,2026/04/20,$250 Mon NBA Piggy Bank Shot,$60k,199.90,,3475,5183,Tournament,0.05,0,/entry/CKPOYTMHQ,
S3681884150,nba,2026/04/20,$250 Mon NBA Piggy Bank Shot,$60k,199.90,,3475,5183,Tournament,0.05,0,/entry/CSQDHCUYO,
S3681884142,nba,2026/04/20,$250 Mon NBA Piggy Bank Shot,$60k,199.90,,3475,5183,Tournament,0.05,0,/entry/EKMFFTFIC,
S3681884126,nba,2026/04/20,$250 Mon NBA Piggy Bank Shot,$60k,199.90,,3475,5183,Tournament,0.05,0,/entry/EHGUHSLVA,
S3681884119,nba,2026/04/20,$250 Mon NBA Piggy Bank Shot,$60k,199.90,,3475,5183,Tournament,0.05,0,/entry/EQJDPGZJA,
S3681884112,nba,2026/04/20,$250 Mon NBA Piggy Bank Shot,$60k,199.90,,3475,5183,Tournament,0.05,0,/entry/BKKIBWAJE,
S3681884105,nba,2026/04/20,$250 Mon NBA Piggy Bank Shot,$60k,199.90,,3475,5183,Tournament,0.05,0,/entry/CFULOZUYG,
S3681884098,nba,2026/04/20,$250 Mon NBA Piggy Bank Shot,$60k,199.90,,3475,5183,Tournament,0.05,0,/entry/CGWGOISTY,
S3681884089,nba,2026/04/20,$250 Mon NBA Piggy Bank Shot,$60k,199.90,,3475,5183,Tournament,0.05,0,/entry/ECLQYCNKG,
S3681884085,nba,2026/04/20,$250 Mon NBA Piggy Bank Shot,$60k,199.90,,3475,5183,Tournament,0.05,0,/entry/ERKYOPXES,
S3681884079,nba,2026/04/20,$250 Mon NBA Piggy Bank Shot,$60k,199.90,,3475,5183,Tournament,0.05,0,/entry/BUOMIPSUG,
S3681884067,nba,2026/04/20,$250 Mon NBA Piggy Bank Shot,$60k,199.90,,3475,5183,Tournament,0.05,0,/entry/CEETCZLES,
S3681884057,nba,2026/04/20,$250 Mon NBA Piggy Bank Shot,$60k,199.90,,3475,5183,Tournament,0.05,0,/entry/CWJLRVAJM,
S3681884046,nba,2026/04/20,$250 Mon NBA Piggy Bank Shot,$60k,199.90,,3475,5183,Tournament,0.05,0,/entry/EYJRXIWCS,
S3681884033,nba,2026/04/20,$250 Mon NBA Piggy Bank Shot,$60k,199.90,,3475,5183,Tournament,0.05,0,/entry/BRJBKOZHE,
S3681884026,nba,2026/04/20,$250 Mon NBA Piggy Bank Shot,$60k,199.90,,3475,5183,Tournament,0.05,0,/entry/DCGKBFBLU,
S3681884023,nba,2026/04/20,$250 Mon NBA Piggy Bank Shot,$60k,199.90,,3475,5183,Tournament,0.05,0,/entry/EEPGWUJBQ,
S3681884021,nba,2026/04/20,$250 Mon NBA Piggy Bank Shot,$60k,199.90,,3475,5183,Tournament,0.05,0,/entry/BRWYXGLFA,
S3681884008,nba,2026/04/20,$250 Mon NBA Piggy Bank Shot,$60k,199.90,,3475,5183,Tournament,0.05,0,/entry/EBJVYMDRI,
S3681883868,nba,2026/04/20,NBA Mini Swat (EPE),$60k,199.90,,11,16,Tournament,1,0,/entry/AEWAICGHQ,
S3681883629,nba,2026/04/20,$50 NBA Small Fadeaway (Everyone Gets Paid),$60k,266.10,,130,190,Tournament,0.25,0.15,/entry/EVEGZPOMW,
S3681883580,nba,2026/04/20,$200 Mon NBA Block (Single Entry),$60k,266.10,,67,94,Tournament,2,0,/entry/EZLMSRJLE,
S3681882053,nba,2026/04/20,$250 Mon NBA Piggy Bank Shot,$60k,199.90,,3475,5183,Tournament,0.05,0,/entry/CSCFQSKKS,
S3681881600,nba,2026/04/20,NBA Mini Swat (EPE),$60k,266.10,,8,12,Tournament,1,0,/entry/DAQRMAQWS,
S3681879717,mlb,2026/04/20,$200 Mon MLB Stolen Base (Single Entry),$35k,148.50,,15,83,Tournament,2,5.00,/entry/AUJFJOIQO,
S3681876900,nba,2026/04/20,$10K Mon NBA Shot ($2K to 1st),$60k,181.15,,921,1109,Tournament,9,0,/entry/BPFLQFAAG,
S3681875164,nba,2026/04/20,$300 Mon NBA Piggy Bank Shot (150 Entries Max),$60k,181.15,,3942,5493,Tournament,0.05,0,/entry/BENJTIIYO,
S3681875145,nba,2026/04/20,$300 Mon NBA Piggy Bank Shot (150 Entries Max),$60k,181.15,,3942,5493,Tournament,0.05,0,/entry/BJWKPPTHE,
S3681875138,nba,2026/04/20,$300 Mon NBA Piggy Bank Shot (150 Entries Max),$60k,181.15,,3942,5493,Tournament,0.05,0,/entry/CKPOZIKCC,
S3681875128,nba,2026/04/20,$300 Mon NBA Piggy Bank Shot (150 Entries Max),$60k,181.15,,3942,5493,Tournament,0.05,0,/entry/EWTZLXKDQ,
S3681875117,nba,2026/04/20,$300 Mon NBA Piggy Bank Shot (150 Entries Max),$60k,181.15,,3942,5493,Tournament,0.05,0,/entry/ASTNADBYC,
S3681875104,nba,2026/04/20,$300 Mon NBA Piggy Bank Shot (150 Entries Max),$60k,181.15,,3942,5493,Tournament,0.05,0,/entry/ACSKKKNGO,
S3681875097,nba,2026/04/20,$300 Mon NBA Piggy Bank Shot (150 Entries Max),$60k,181.15,,3942,5493,Tournament,0.05,0,/entry/EJYHTQRES,
S3681875087,nba,2026/04/20,$300 Mon NBA Piggy Bank Shot (150 Entries Max),$60k,181.15,,3942,5493,Tournament,0.05,0,/entry/EXHWYOWBM,
S3681875080,nba,2026/04/20,$300 Mon NBA Piggy Bank Shot (150 Entries Max),$60k,181.15,,3942,5493,Tournament,0.05,0,/entry/EKMFGIDCO,
S3681875072,nba,2026/04/20,$300 Mon NBA Piggy Bank Shot (150 Entries Max),$60k,181.15,,3942,5493,Tournament,0.05,0,/entry/BFPESGBYK,
S3681875064,nba,2026/04/20,$300 Mon NBA Piggy Bank Shot (150 Entries Max),$60k,181.15,,3942,5493,Tournament,0.05,0,/entry/ELACSZPAK,
S3681875055,nba,2026/04/20,$300 Mon NBA Piggy Bank Shot (150 Entries Max),$60k,181.15,,3942,5493,Tournament,0.05,0,/entry/EHGUIHJPM,
S3681875048,nba,2026/04/20,$300 Mon NBA Piggy Bank Shot (150 Entries Max),$60k,181.15,,3942,5493,Tournament,0.05,0,/entry/BUOMJAXQC,
S3681875044,nba,2026/04/20,$300 Mon NBA Piggy Bank Shot (150 Entries Max),$60k,181.15,,3942,5493,Tournament,0.05,0,/entry/EVEGZXAKC,
S3681875043,nba,2026/04/20,$300 Mon NBA Piggy Bank Shot (150 Entries Max),$60k,181.15,,3942,5493,Tournament,0.05,0,/entry/AGZQHUEPI,
S3681875036,nba,2026/04/20,$300 Mon NBA Piggy Bank Shot (150 Entries Max),$60k,181.15,,3942,5493,Tournament,0.05,0,/entry/ADGHWQUIO,
S3681875034,nba,2026/04/20,$300 Mon NBA Piggy Bank Shot (150 Entries Max),$60k,181.15,,3942,5493,Tournament,0.05,0,/entry/BSKWKJBYS,
S3681875032,nba,2026/04/20,$300 Mon NBA Piggy Bank Shot (150 Entries Max),$60k,181.15,,3942,5493,Tournament,0.05,0,/entry/FANHWPPOO,
S3681875031,nba,2026/04/20,$300 Mon NBA Piggy Bank Shot (150 Entries Max),$60k,181.15,,3942,5493,Tournament,0.05,0,/entry/AAAWYQAVM,
S3681875027,nba,2026/04/20,$300 Mon NBA Piggy Bank Shot (150 Entries Max),$60k,181.15,,3942,5493,Tournament,0.05,0,/entry/BXFZUKFFI,
S3681875024,nba,2026/04/20,$300 Mon NBA Piggy Bank Shot (150 Entries Max),$60k,181.15,,3942,5493,Tournament,0.05,0,/entry/FBPCVYNKG,
S3681875014,nba,2026/04/20,$300 Mon NBA Piggy Bank Shot (150 Entries Max),$60k,181.15,,3942,5493,Tournament,0.05,0,/entry/ABQPKQKPA,
S3681875002,nba,2026/04/20,$300 Mon NBA Piggy Bank Shot (150 Entries Max),$60k,181.15,,3942,5493,Tournament,0.05,0,/entry/BYVSGKOYW,
S3681874996,nba,2026/04/20,$300 Mon NBA Piggy Bank Shot (150 Entries Max),$60k,181.15,,3942,5493,Tournament,0.05,0,/entry/EYXPKPFVA,
S3681874987,nba,2026/04/20,$300 Mon NBA Piggy Bank Shot (150 Entries Max),$60k,181.15,,3942,5493,Tournament,0.05,0,/entry/AFJXVIPZY,
S3681874977,nba,2026/04/20,$300 Mon NBA Piggy Bank Shot (150 Entries Max),$60k,181.15,,3942,5493,Tournament,0.05,0,/entry/AKSYSMKAG,
S3681874962,nba,2026/04/20,$300 Mon NBA Piggy Bank Shot (150 Entries Max),$60k,181.15,,3942,5493,Tournament,0.05,0,/entry/EZLMXGRSW,
S3681874949,nba,2026/04/20,$300 Mon NBA Piggy Bank Shot (150 Entries Max),$60k,181.15,,3942,5493,Tournament,0.05,0,/entry/ALGWFDVYC,
S3681874938,nba,2026/04/20,$300 Mon NBA Piggy Bank Shot (150 Entries Max),$60k,181.15,,3942,5493,Tournament,0.05,0,/entry/EUQJNNAJM,
S3681874925,nba,2026/04/20,$300 Mon NBA Piggy Bank Shot (150 Entries Max),$60k,181.15,,3942,5493,Tournament,0.05,0,/entry/EVEHAEMHI,
S3681874918,nba,2026/04/20,$300 Mon NBA Piggy Bank Shot (150 Entries Max),$60k,181.15,,3942,5493,Tournament,0.05,0,/entry/DQDWTCEDQ,
S3681874910,nba,2026/04/20,$300 Mon NBA Piggy Bank Shot (150 Entries Max),$60k,181.15,,3942,5493,Tournament,0.05,0,/entry/FANHWXBLU,
S3681874902,nba,2026/04/20,$300 Mon NBA Piggy Bank Shot (150 Entries Max),$60k,181.15,,3942,5493,Tournament,0.05,0,/entry/ATHKNFSRU,
S3681874895,nba,2026/04/20,$300 Mon NBA Piggy Bank Shot (150 Entries Max),$60k,181.15,,3942,5493,Tournament,0.05,0,/entry/ATVHZXEPQ,
S3681874888,nba,2026/04/20,$300 Mon NBA Piggy Bank Shot (150 Entries Max),$60k,181.15,,3942,5493,Tournament,0.05,0,/entry/DUZACVVNA,
S3681874869,nba,2026/04/20,$300 Mon NBA Piggy Bank Shot (150 Entries Max),$60k,181.15,,3942,5493,Tournament,0.05,0,/entry/FCDAIXLFI,
S3681874855,nba,2026/04/20,$300 Mon NBA Piggy Bank Shot (150 Entries Max),$60k,181.15,,3942,5493,Tournament,0.05,0,/entry/CTRYGWXQC,
S3681874848,nba,2026/04/20,$300 Mon NBA Piggy Bank Shot (150 Entries Max),$60k,181.15,,3942,5493,Tournament,0.05,0,/entry/BOROACBJQ,
S3681874839,nba,2026/04/20,$300 Mon NBA Piggy Bank Shot (150 Entries Max),$60k,181.15,,3942,5493,Tournament,0.05,0,/entry/ERYWCLERM,
S3681874834,nba,2026/04/20,$300 Mon NBA Piggy Bank Shot (150 Entries Max),$60k,181.15,,3942,5493,Tournament,0.05,0,/entry/EZLMXODQC,
S3681874824,nba,2026/04/20,$300 Mon NBA Piggy Bank Shot (150 Entries Max),$60k,181.15,,3942,5493,Tournament,0.05,0,/entry/ETARBUCNE,
S3681874815,nba,2026/04/20,$300 Mon NBA Piggy Bank Shot (150 Entries Max),$60k,181.15,,3942,5493,Tournament,0.05,0,/entry/CSCFUWNWO,
S3681874807,nba,2026/04/20,$300 Mon NBA Piggy Bank Shot (150 Entries Max),$60k,181.15,,3942,5493,Tournament,0.05,0,/entry/CXZEEGOYW,
S3681874799,nba,2026/04/20,$300 Mon NBA Piggy Bank Shot (150 Entries Max),$60k,181.15,,3942,5493,Tournament,0.05,0,/entry/EPVGDTJAC,
S3681874792,nba,2026/04/20,$300 Mon NBA Piggy Bank Shot (150 Entries Max),$60k,181.15,,3942,5493,Tournament,0.05,0,/entry/EQJDQKUXY,
S3681874788,nba,2026/04/20,$300 Mon NBA Piggy Bank Shot (150 Entries Max),$60k,181.15,,3942,5493,Tournament,0.05,0,/entry/DHPKYMOKS,
S3681874776,nba,2026/04/20,$300 Mon NBA Piggy Bank Shot (150 Entries Max),$60k,181.15,,3942,5493,Tournament,0.05,0,/entry/ELOAFYMVM,
S3681874766,nba,2026/04/20,$300 Mon NBA Piggy Bank Shot (150 Entries Max),$60k,181.15,,3942,5493,Tournament,0.05,0,/entry/CWJLSGFFI,
S3681874758,nba,2026/04/20,$300 Mon NBA Piggy Bank Shot (150 Entries Max),$60k,181.15,,3942,5493,Tournament,0.05,0,/entry/FGKGGHCOC,
S3681874748,nba,2026/04/20,$300 Mon NBA Piggy Bank Shot (150 Entries Max),$60k,181.15,,3942,5493,Tournament,0.05,0,/entry/FCQXVOXDE,
S3681874743,nba,2026/04/20,$300 Mon NBA Piggy Bank Shot (150 Entries Max),$60k,181.15,,3942,5493,Tournament,0.05,0,/entry/DBSMOYUJU,
S3681874739,nba,2026/04/20,$300 Mon NBA Piggy Bank Shot (150 Entries Max),$60k,181.15,,3942,5493,Tournament,0.05,0,/entry/ATVIAEQMW,
S3681874734,nba,2026/04/20,$300 Mon NBA Piggy Bank Shot (150 Entries Max),$60k,181.15,,3942,5493,Tournament,0.05,0,/entry/EWGBZUWAG,
S3681874730,nba,2026/04/20,$300 Mon NBA Piggy Bank Shot (150 Entries Max),$60k,181.15,,3942,5493,Tournament,0.05,0,/entry/CZAZDPMUO,
S3681874726,nba,2026/04/20,$300 Mon NBA Piggy Bank Shot (150 Entries Max),$60k,181.15,,3942,5493,Tournament,0.05,0,/entry/CZOWQGYSK,
S3681874720,nba,2026/04/20,$300 Mon NBA Piggy Bank Shot (150 Entries Max),$60k,181.15,,3942,5493,Tournament,0.05,0,/entry/AUXCZNOIO,
S3681874714,nba,2026/04/20,$300 Mon NBA Piggy Bank Shot (150 Entries Max),$60k,181.15,,3942,5493,Tournament,0.05,0,/entry/ARRSBMUVM,
S3681874705,nba,2026/04/20,$300 Mon NBA Piggy Bank Shot (150 Entries Max),$60k,181.15,,3942,5493,Tournament,0.05,0,/entry/DZUDNIDPM,
S3681874699,nba,2026/04/20,$300 Mon NBA Piggy Bank Shot (150 Entries Max),$60k,181.15,,3942,5493,Tournament,0.05,0,/entry/EFRBWSERU,
S3681874690,nba,2026/04/20,$300 Mon NBA Piggy Bank Shot (150 Entries Max),$60k,181.15,,3942,5493,Tournament,0.05,0,/entry/EUCMBDAIW,
S3681874683,nba,2026/04/20,$300 Mon NBA Piggy Bank Shot (150 Entries Max),$60k,181.15,,3942,5493,Tournament,0.05,0,/entry/EVEHALYEO,
S3681874674,nba,2026/04/20,$300 Mon NBA Piggy Bank Shot (150 Entries Max),$60k,181.15,,3942,5493,Tournament,0.05,0,/entry/EVSENDKCK,
S3681874667,nba,2026/04/20,$300 Mon NBA Piggy Bank Shot (150 Entries Max),$60k,181.15,,3942,5493,Tournament,0.05,0,/entry/ASTNAVSRE,
S3681874656,nba,2026/04/20,$300 Mon NBA Piggy Bank Shot (150 Entries Max),$60k,181.15,,3942,5493,Tournament,0.05,0,/entry/AYQLKFTTM,
S3681874650,nba,2026/04/20,$300 Mon NBA Piggy Bank Shot (150 Entries Max),$60k,181.15,,3942,5493,Tournament,0.05,0,/entry/CXLGRSVZQ,
S3681874640,nba,2026/04/20,$300 Mon NBA Piggy Bank Shot (150 Entries Max),$60k,181.15,,3942,5493,Tournament,0.05,0,/entry/EMPVFLDPU,
S3681874635,nba,2026/04/20,$300 Mon NBA Piggy Bank Shot (150 Entries Max),$60k,181.15,,3942,5493,Tournament,0.05,0,/entry/AWMVLNYCC,
S3681874630,nba,2026/04/20,$300 Mon NBA Piggy Bank Shot (150 Entries Max),$60k,181.15,,3942,5493,Tournament,0.05,0,/entry/CIZWNLTHE,
S3681874625,nba,2026/04/20,$300 Mon NBA Piggy Bank Shot (150 Entries Max),$60k,181.15,,3942,5493,Tournament,0.05,0,/entry/CVHQTBAIG,
S3681874619,nba,2026/04/20,$300 Mon NBA Piggy Bank Shot (150 Entries Max),$60k,181.15,,3942,5493,Tournament,0.05,0,/entry/EYXPLEDPM,
S3681874613,nba,2026/04/20,$300 Mon NBA Piggy Bank Shot (150 Entries Max),$60k,181.15,,3942,5493,Tournament,0.05,0,/entry/EZLMXVPNI,
S3681874607,nba,2026/04/20,$300 Mon NBA Piggy Bank Shot (150 Entries Max),$60k,181.15,,3942,5493,Tournament,0.05,0,/entry/EZZKKNBLE,
S3681874598,nba,2026/04/20,$300 Mon NBA Piggy Bank Shot (150 Entries Max),$60k,181.15,,3942,5493,Tournament,0.05,0,/entry/CWJLSJYDY,
S3681874587,nba,2026/04/20,$300 Mon NBA Piggy Bank Shot (150 Entries Max),$60k,181.15,,3942,5493,Tournament,0.05,0,/entry/ADGHXJLBQ,
S3681874579,nba,2026/04/20,$300 Mon NBA Piggy Bank Shot (150 Entries Max),$60k,181.15,,3942,5493,Tournament,0.05,0,/entry/ABQPLJBIC,
S3681874573,nba,2026/04/20,$300 Mon NBA Piggy Bank Shot (150 Entries Max),$60k,181.15,,3942,5493,Tournament,0.05,0,/entry/CMFHLMMUG,
S3681874568,nba,2026/04/20,$300 Mon NBA Piggy Bank Shot (150 Entries Max),$60k,181.15,,3942,5493,Tournament,0.05,0,/entry/CNUZXMWNU,
S3681874558,nba,2026/04/20,$300 Mon NBA Piggy Bank Shot (150 Entries Max),$60k,181.15,,3942,5493,Tournament,0.05,0,/entry/EBJVZPZGG,
S3681874551,nba,2026/04/20,$300 Mon NBA Piggy Bank Shot (150 Entries Max),$60k,181.15,,3942,5493,Tournament,0.05,0,/entry/CZOWQKRRA,
S3681874544,nba,2026/04/20,$300 Mon NBA Piggy Bank Shot (150 Entries Max),$60k,181.15,,3942,5493,Tournament,0.05,0,/entry/DACUDCDOW,
S3681874537,nba,2026/04/20,$300 Mon NBA Piggy Bank Shot (150 Entries Max),$60k,181.15,,3942,5493,Tournament,0.05,0,/entry/AEWAJJUVE,
S3681874530,nba,2026/04/20,$300 Mon NBA Piggy Bank Shot (150 Entries Max),$60k,181.15,,3942,5493,Tournament,0.05,0,/entry/EWGBZJREK,
S3681874519,nba,2026/04/20,$300 Mon NBA Piggy Bank Shot (150 Entries Max),$60k,181.15,,3942,5493,Tournament,0.05,0,/entry/BDLOTVSEG,
S3681874508,nba,2026/04/20,$300 Mon NBA Piggy Bank Shot (150 Entries Max),$60k,181.15,,3942,5493,Tournament,0.05,0,/entry/EFDEKIERE,
S3681874495,nba,2026/04/20,$300 Mon NBA Piggy Bank Shot (150 Entries Max),$60k,181.15,,3942,5493,Tournament,0.05,0,/entry/ALGWFLHVI,
S3681874485,nba,2026/04/20,$300 Mon NBA Piggy Bank Shot (150 Entries Max),$60k,181.15,,3942,5493,Tournament,0.05,0,/entry/EZLMXKKRM,
S3681874480,nba,2026/04/20,$300 Mon NBA Piggy Bank Shot (150 Entries Max),$60k,181.15,,3942,5493,Tournament,0.05,0,/entry/DHBNLVCMW,
S3681874476,nba,2026/04/20,$300 Mon NBA Piggy Bank Shot (150 Entries Max),$60k,181.15,,3942,5493,Tournament,0.05,0,/entry/ALUTSCTTE,
S3681874468,nba,2026/04/20,$300 Mon NBA Piggy Bank Shot (150 Entries Max),$60k,181.15,,3942,5493,Tournament,0.05,0,/entry/BVCJVZVLE,
S3681874464,nba,2026/04/20,$300 Mon NBA Piggy Bank Shot (150 Entries Max),$60k,181.15,,3942,5493,Tournament,0.05,0,/entry/DDWCNUIZU,
S3681874456,nba,2026/04/20,$300 Mon NBA Piggy Bank Shot (150 Entries Max),$60k,181.15,,3942,5493,Tournament,0.05,0,/entry/AIPIUCAGC,
S3681874449,nba,2026/04/20,$300 Mon NBA Piggy Bank Shot (150 Entries Max),$60k,181.15,,3942,5493,Tournament,0.05,0,/entry/ERYWCDSUG,
S3681874443,nba,2026/04/20,$300 Mon NBA Piggy Bank Shot (150 Entries Max),$60k,181.15,,3942,5493,Tournament,0.05,0,/entry/BFPESNNVQ,
S3681874438,nba,2026/04/20,$300 Mon NBA Piggy Bank Shot (150 Entries Max),$60k,181.15,,3942,5493,Tournament,0.05,0,/entry/AKFBGCJZQ,
S3681874432,nba,2026/04/20,$300 Mon NBA Piggy Bank Shot (150 Entries Max),$60k,181.15,,3942,5493,Tournament,0.05,0,/entry/ETARBMQPY,
S3681874431,nba,2026/04/20,$300 Mon NBA Piggy Bank Shot (150 Entries Max),$60k,181.15,,3942,5493,Tournament,0.05,0,/entry/ATVIAAXOG,
S3681874422,nba,2026/04/20,$300 Mon NBA Piggy Bank Shot (150 Entries Max),$60k,181.15,,3942,5493,Tournament,0.05,0,/entry/AAAWYXMSS,
S3681874419,nba,2026/04/20,$300 Mon NBA Piggy Bank Shot (150 Entries Max),$60k,181.15,,3942,5493,Tournament,0.05,0,/entry/EPVGDLXCW,
S3681874414,nba,2026/04/20,$300 Mon NBA Piggy Bank Shot (150 Entries Max),$60k,181.15,,3942,5493,Tournament,0.05,0,/entry/AUXCZJVJY,
S3681874412,nba,2026/04/20,$300 Mon NBA Piggy Bank Shot (150 Entries Max),$60k,181.15,,3942,5493,Tournament,0.05,0,/entry/DKUVWJOZE,
S3681874408,nba,2026/04/20,$300 Mon NBA Piggy Bank Shot (150 Entries Max),$60k,181.15,,3942,5493,Tournament,0.05,0,/entry/CBNFSMNHE,
S3681874404,nba,2026/04/20,$300 Mon NBA Piggy Bank Shot (150 Entries Max),$60k,181.15,,3942,5493,Tournament,0.05,0,/entry/DLITJBAXA,
S3681874402,nba,2026/04/20,$300 Mon NBA Piggy Bank Shot (150 Entries Max),$60k,181.15,,3942,5493,Tournament,0.05,0,/entry/DHPKYIVMC,
S3681874399,nba,2026/04/20,$300 Mon NBA Piggy Bank Shot (150 Entries Max),$60k,181.15,,3942,5493,Tournament,0.05,0,/entry/DIDILAHJY,
S3681874390,nba,2026/04/20,$300 Mon NBA Piggy Bank Shot (150 Entries Max),$60k,181.15,,3942,5493,Tournament,0.05,0,/entry/AIBLGZJMK,
S3681874387,nba,2026/04/20,$300 Mon NBA Piggy Bank Shot (150 Entries Max),$60k,181.15,,3942,5493,Tournament,0.05,0,/entry/BZXNGMDNQ,
S3681874378,nba,2026/04/20,$300 Mon NBA Piggy Bank Shot (150 Entries Max),$60k,181.15,,3942,5493,Tournament,0.05,0,/entry/ASTNARZSO,
S3681874366,nba,2026/04/20,$300 Mon NBA Piggy Bank Shot (150 Entries Max),$60k,181.15,,3942,5493,Tournament,0.05,0,/entry/CAZIFVBJI,
S3681874355,nba,2026/04/20,$300 Mon NBA Piggy Bank Shot (150 Entries Max),$60k,181.15,,3942,5493,Tournament,0.05,0,/entry/AYCNXKOXA,
S3681874350,nba,2026/04/20,$300 Mon NBA Piggy Bank Shot (150 Entries Max),$60k,181.15,,3942,5493,Tournament,0.05,0,/entry/DYELBLMUO,
S3681874345,nba,2026/04/20,$300 Mon NBA Piggy Bank Shot (150 Entries Max),$60k,181.15,,3942,5493,Tournament,0.05,0,/entry/CNUZXYBJQ,
S3681874343,nba,2026/04/20,$300 Mon NBA Piggy Bank Shot (150 Entries Max),$60k,181.15,,3942,5493,Tournament,0.05,0,/entry/BKKICZVYC,
S3681874341,nba,2026/04/20,$300 Mon NBA Piggy Bank Shot (150 Entries Max),$60k,181.15,,3942,5493,Tournament,0.05,0,/entry/DUZADKTHM,
S3681874331,nba,2026/04/20,$300 Mon NBA Piggy Bank Shot (150 Entries Max),$60k,181.15,,3942,5493,Tournament,0.05,0,/entry/AVLAMBHHU,
S3681874328,nba,2026/04/20,$300 Mon NBA Piggy Bank Shot (150 Entries Max),$60k,181.15,,3942,5493,Tournament,0.05,0,/entry/DLWQVSMUW,
S3681874324,nba,2026/04/20,$300 Mon NBA Piggy Bank Shot (150 Entries Max),$60k,181.15,,3942,5493,Tournament,0.05,0,/entry/DMYLVBKQO,
S3681874318,nba,2026/04/20,$300 Mon NBA Piggy Bank Shot (150 Entries Max),$60k,181.15,,3942,5493,Tournament,0.05,0,/entry/DWAVCTRDE,
S3681874309,nba,2026/04/20,$300 Mon NBA Piggy Bank Shot (150 Entries Max),$60k,181.15,,3942,5493,Tournament,0.05,0,/entry/CEETDVUWK,
S3681874301,nba,2026/04/20,$300 Mon NBA Piggy Bank Shot (150 Entries Max),$60k,181.15,,3942,5493,Tournament,0.05,0,/entry/EAVYMNIMO,
S3681874283,nba,2026/04/20,$300 Mon NBA Piggy Bank Shot (150 Entries Max),$60k,181.15,,3942,5493,Tournament,0.05,0,/entry/BVQHJCMEW,
S3681874273,nba,2026/04/20,$300 Mon NBA Piggy Bank Shot (150 Entries Max),$60k,181.15,,3942,5493,Tournament,0.05,0,/entry/EBXTLWGIG,
S3681874257,nba,2026/04/20,$300 Mon NBA Piggy Bank Shot (150 Entries Max),$60k,181.15,,3942,5493,Tournament,0.05,0,/entry/DYSINVMVE,
S3681874252,nba,2026/04/20,$300 Mon NBA Piggy Bank Shot (150 Entries Max),$60k,181.15,,3942,5493,Tournament,0.05,0,/entry/DZGGAMYTA,
S3681874242,nba,2026/04/20,$300 Mon NBA Piggy Bank Shot (150 Entries Max),$60k,181.15,,3942,5493,Tournament,0.05,0,/entry/DZUDNEKQW,
S3681874236,nba,2026/04/20,$300 Mon NBA Piggy Bank Shot (150 Entries Max),$60k,181.15,,3942,5493,Tournament,0.05,0,/entry/EAIAZVWOS,
S3681874230,nba,2026/04/20,$300 Mon NBA Piggy Bank Shot (150 Entries Max),$60k,181.15,,3942,5493,Tournament,0.05,0,/entry/ETOOOHVMK,
S3681874224,nba,2026/04/20,$300 Mon NBA Piggy Bank Shot (150 Entries Max),$60k,181.15,,3942,5493,Tournament,0.05,0,/entry/EFDEJWZVI,
S3681874215,nba,2026/04/20,$300 Mon NBA Piggy Bank Shot (150 Entries Max),$60k,181.15,,3942,5493,Tournament,0.05,0,/entry/EFRBWOLTE,
S3681874208,nba,2026/04/20,$300 Mon NBA Piggy Bank Shot (150 Entries Max),$60k,181.15,,3942,5493,Tournament,0.05,0,/entry/DOOEHMZFY,
S3681874201,nba,2026/04/20,$300 Mon NBA Piggy Bank Shot (150 Entries Max),$60k,181.15,,3942,5493,Tournament,0.05,0,/entry/EVEHAIFFY,
S3681874186,nba,2026/04/20,$300 Mon NBA Piggy Bank Shot (150 Entries Max),$60k,181.15,,3942,5493,Tournament,0.05,0,/entry/DPCBUELDU,
S3681874172,nba,2026/04/20,$300 Mon NBA Piggy Bank Shot (150 Entries Max),$60k,181.15,,3942,5493,Tournament,0.05,0,/entry/DPPZGVXBQ,
S3681874159,nba,2026/04/20,$300 Mon NBA Piggy Bank Shot (150 Entries Max),$60k,181.15,,3942,5493,Tournament,0.05,0,/entry/CLRJZGFSG,
S3681874147,nba,2026/04/20,$300 Mon NBA Piggy Bank Shot (150 Entries Max),$60k,181.15,,3942,5493,Tournament,0.05,0,/entry/EIIPHXTIK,
S3681874140,nba,2026/04/20,$300 Mon NBA Piggy Bank Shot (150 Entries Max),$60k,181.15,,3942,5493,Tournament,0.05,0,/entry/CILZBFMFE,
S3681874130,nba,2026/04/20,$300 Mon NBA Piggy Bank Shot (150 Entries Max),$60k,181.15,,3942,5493,Tournament,0.05,0,/entry/DWOSPOVZQ,
S3681874113,nba,2026/04/20,$300 Mon NBA Piggy Bank Shot (150 Entries Max),$60k,181.15,,3942,5493,Tournament,0.05,0,/entry/CGIJCJXPE,
S3681874096,nba,2026/04/20,$300 Mon NBA Piggy Bank Shot (150 Entries Max),$60k,181.15,,3942,5493,Tournament,0.05,0,/entry/CLDMMWFRQ,
S3681874087,nba,2026/04/20,$300 Mon NBA Piggy Bank Shot (150 Entries Max),$60k,181.15,,3942,5493,Tournament,0.05,0,/entry/AWMVLZCXY,
S3681874081,nba,2026/04/20,$300 Mon NBA Piggy Bank Shot (150 Entries Max),$60k,181.15,,3942,5493,Tournament,0.05,0,/entry/EAVYMUUJU,
S3681874077,nba,2026/04/20,$300 Mon NBA Piggy Bank Shot (150 Entries Max),$60k,181.15,,3942,5493,Tournament,0.05,0,/entry/EBJVZMGHQ,
S3681874072,nba,2026/04/20,$300 Mon NBA Piggy Bank Shot (150 Entries Max),$60k,181.15,,3942,5493,Tournament,0.05,0,/entry/CXZEERTUS,
S3681874067,nba,2026/04/20,$300 Mon NBA Piggy Bank Shot (150 Entries Max),$60k,181.15,,3942,5493,Tournament,0.05,0,/entry/CILZBBTGO,
S3681874059,nba,2026/04/20,$300 Mon NBA Piggy Bank Shot (150 Entries Max),$60k,181.15,,3942,5493,Tournament,0.05,0,/entry/BHSURMVKG,
S3681874051,nba,2026/04/20,$300 Mon NBA Piggy Bank Shot (150 Entries Max),$60k,181.15,,3942,5493,Tournament,0.05,0,/entry/CJNUAKRCG,
S3681874033,nba,2026/04/20,$300 Mon NBA Piggy Bank Shot (150 Entries Max),$60k,181.15,,3942,5493,Tournament,0.05,0,/entry/BDLOUSBVY,
S3681873821,nba,2026/04/20,$300 Mon NBA Piggy Bank Shot (150 Entries Max),$60k,181.15,,3942,5493,Tournament,0.05,0,/entry/ACEMYLSBU,
S3681873800,nba,2026/04/20,$300 Mon NBA Piggy Bank Shot (150 Entries Max),$60k,181.15,,3942,5493,Tournament,0.05,0,/entry/ACSKLDDZQ,
S3681873782,nba,2026/04/20,$300 Mon NBA Piggy Bank Shot (150 Entries Max),$60k,181.15,,3942,5493,Tournament,0.05,0,/entry/DRTPFRLRQ,
S3681872240,nba,2026/04/20,NBA Mini Swat (EPE),$60k,181.15,,15,17,Tournament,1,0,/entry/AMIRGFNDE,
S3681871801,nba,2026/04/20,$250 NBA Small Dribbler (Single Entry),$60k,222.90,,242,250,Tournament,1,0,/entry/BIGSFTHSW,
S3681871703,nba,2026/04/20,NBA Mini Swat (EPE),$60k,222.90,,19,20,Tournament,1,0,/entry/BSYTZEMBU,
S3681871677,nba,2026/04/20,NBA Mini Swat (EPE),$60k,222.90,,20,21,Tournament,1,0,/entry/EGEZPZEDY,
S3681871010,nba,2026/04/20,$250 Mon NBA Assist (Single Entry),$60k,222.90,,55,57,Tournament,5,0,/entry/ETARHYLFQ,
S3681870848,nba,2026/04/20,$200 Mon NBA Block (Single Entry),$60k,222.90,,112,114,Tournament,2,0,/entry/DUZAKAGVU,
S3681870598,nba,2026/04/20,$200 Mon NBA All Rookie (No Experienced Players),$60k,222.90,,78,84,Tournament,2,0,/entry/CESQXCUIO,
S3681870424,nba,2026/04/20,$300 NBA Double Up ($10),$60k,222.90,,31,32,Tournament,10,0,/entry/ETOOVINWO,
S3681870377,nba,2026/04/20,$500 NBA Quintuple Up - 5x (10),$60k,222.90,,49,51,Tournament,10,0,/entry/EWTZTJHJQ,
S3681870182,nba,2026/04/20,$300 NBA Triple Up ($2),$60k,222.90,,117,119,Tournament,2,0,/entry/FGKGNLNWW,
S3681866730,nba,2026/04/20,$300 Mon NBA Piggy Bank Shot (150 Entries Max),$60k,181.15,,3942,5493,Tournament,0.05,0,/entry/AZEJBBJDE,
S3681866027,nba,2026/04/20,$2.5K Mon NBA Piggy Bank Shot (150 Entries Max),$60k,222.90,,57521,59339,Tournament,0.05,0,/entry/BTMRPHKSK,
S3681864169,mlb,2026/04/20,$500 MLB Small Line Drive,$35k,134.30,,24,43,Tournament,12,0,/entry/CGWGUYGIG,
S3681862323,mlb,2026/04/20,$2K Mon MLB Bunt (Single Entry),$35k,134.30,,725,1876,Tournament,1,0,/entry/DGNQKMFJQ,
S3681861709,mlb,2026/04/20,$300 MLB Triple Up ($5),$35k,134.30,,43,57,Tournament,5,0,/entry/AMIRQNZHM,
S3681861016,mlb,2026/04/20,$250 MLB Small Bunt,$35k,134.30,,102,223,Tournament,1,0,/entry/CWXJRKBMS,
S3681860356,mlb,2026/04/20,$250 Mon MLB All Rookie (No Experienced Players),$35k,134.30,,29,78,Tournament,2,4.50,/entry/CSCGHMRES,
S3681859659,mlb,2026/04/20,$200 MLB Double Up ($2),$35k,134.30,,58,91,Tournament,2,0,/entry/EPVGQFTJQ,
S3681859545,mlb,2026/04/20,$300 MLB Triple Up ($2),$35k,134.30,,70,114,Tournament,2,0,/entry/BRJBYQKBM,
S3681858391,mlb,2026/04/20,$2.5K Mon MLB Wiffle Ball (150 Entries Max),$35k,134.30,,23300,51561,Tournament,0.05,0,/entry/CHKEKQADA,
S3681842218,mlb,2026/04/20,$100 MLB Double Up ($2),$60k,41.40,,35,49,Tournament,2,0,/entry/ETARTSEWC,
S3556015974,nfl,2025/09/07,$100K Sun NFL Hail Mary (Only $0.25 to Enter),$60k,96.18,,212411,447553,Tournament,0.25,0,/entry/DPQMUIZEU,
S3543367168,mlb,2025/07/01,$2.5K Tue MLB Wiffle Ball (150 Entries Max),$35k,96.60,,41295,59880,Tournament,0.05,0,/entry/DJFORQLBW,
S3543348806,mlb,2025/07/01,MLB tournament,$35k,,,0,,Cancelled,0.05,0,/entry/CETCCUZUA, voided
S3543345680,mlb,2025/07/01,MLB tournament,$35k,,,0,,Cancelled,0.05,0,/entry/ERZHUXGJS, voided
S3543144171,mlb,2025/06/30,$2K Mon MLB Wiffle Ball (150 Entries Max),$35k,168.10,,5149,47904,Tournament,0.05,0.12,/entry/ATHWKSHNR,
S3539025294,mlb,2025/06/13,$2K Fri MLB Wiffle Ball (150 Entries Max),$35k,73.30,,40589,47904,Tournament,0.05,0,/entry/AVZJGLDVJ,
S3538143415,pga,2025/06/12,$22K Thu PGA Pitching Wedge (Only $0.25 to Enter),$60k,135,,87595,105389,Tournament,0.25,0,/entry/EVSQSYFUA,
S3512225084,mlb,2025/03/28,$250 MLB Small Bunt,$35k,94.40,,107,156,Tournament,1,0,/entry/BVDEIQHOF,
S3512167272,mlb,2025/03/28,$3.5K Fri MLB Wiffle Ball (150 Entries Max),$35k,94.40,,49581,81046,Tournament,0.05,0,/entry/DLJNRRCMW,
S3467057084,nfl,2024/12/21,FanDuel Holiday Daily Free Play,$60k,109.70,,7697,31035,Tournament,0,0,/entry/BPSQQSSFN,
S3466834325,nba,2024/12/20,FanDuel Holiday Daily Free Play,$60k,280.10,,1630,23344,Tournament,0,0,/entry/BJVTBVWNA,
S3465724540,nba,2024/12/19,FanDuel Holiday Daily Free Play,$60k,286.10,,17290,27239,Tournament,0,0,/entry/DXBYMPYVZ,
S3465719083,nfl,2024/12/19,FanDuel Holiday Daily Free Play,$60k,72.73,,9330,35061,Tournament,0,0,/entry/ABCALXVHB,
S3465379437,nba,2024/12/17,FanDuel Holiday Daily Free Play,$60k,253.42,,6858,25576,Tournament,0,0,/entry/ENDAHVIDT,
S3426796155,nba,2024/11/07,$2K Thu NBA Layup ($200 to 1st),$60k,267,,522,672,Tournament,3,0,/entry/EYIXRALHY,
S3426792523,nba,2024/11/07,$2K Thu NBA Layup ($200 to 1st),$60k,289.40,,291,672,Tournament,3,0,/entry/BDKTINWWP,
S3426766104,nba,2024/11/07,$5K Thu NBA Layup ($1K to 1st),$60k,279,,979,1984,Tournament,3,0,/entry/ASEURQMZB,
S3426085749,nfl,2024/11/07,$1K FREE Thu NFL Rush/Rec Yards Only,$0k,389,,4782,30422,Tournament,0,0,/entry/CAKQOCTEZ,
S3424591817,nfl,2024/11/04,$1K FREE Mon NFL Rush/Rec Yards Only,$0k,228,,7577,13924,Tournament,0,0,/entry/DREXOOBIQ,
S3419141229,nba,2024/10/29,$35K Tue NBA Fadeaway (Only $0.25 To Enter),$60k,306.70,,32226,167664,Tournament,0.25,0.50,/entry/ERKCYLHWQ,
S3419140480,nfl,2024/11/03,$1.2M NFL Sunday Million ($200K to 1st),$60k,112.66,,50641,95238,Tournament,15,0,/entry/EOESASAGU,
S3413595714,nfl,2024/10/24,$1K FREE Thu NFL Rush/Rec Yards Only,$0k,168,,28789,31728,Tournament,0,0,/entry/BDKSMTDCG,
S3411951676,nba,2024/10/22,$500 Practice Squad Monthly FDP Loyalty Free Play,$60k,279.20,,754,8651,Tournament,0,0.25,/entry/ASETMNJRR,
S3411255194,nfl,2024/10/21,$1K FREE Mon NFL Rush/Rec Yards Only,$0k,258,,12693,16192,Tournament,0,0,/entry/BPEPFYKDU,
S3411253658,nba,2024/10/22,$5K FREE Tue NBA Points Only,$0k,84,,21462,32190,Tournament,0,0,/entry/CDCBTGENY,
S3409398894,nfl,2024/10/20,$125 Practice Squad Weekly FDP Loyalty Free Play,$60k,65.64,,15614,17139,Tournament,0,0,/entry/BWRFKKVDN,
S3409398529,nfl,2024/10/20,$150K Sun NFL Hail Mary (Top 60% Paid!),$60k,65.64,,470117,500000,Tournament,0.25,0,/entry/EVDKDAHBZ,
S3407689776,nfl,2024/10/17,$1K FREE Thu NFL Rush/Rec Yards Only,$0k,172,,1865,30788,Tournament,0,0,/entry/EQIHFAJJT,
S3406357242,mlb,2024/10/14,$300 MLB Triple Up ($2),$35k,85.60,,70,83,Tournament,2,0,/entry/BJVPBAECZ,
S3406321608,mlb,2024/10/14,$600 Mon MLB Wiffle Ball (150 Entries Max),$35k,85.40,,11286,13597,Tournament,0.05,0,/entry/CQZOLKSWK,
S3406314840,mlb,2024/10/14,$600 Mon MLB Wiffle Ball (150 Entries Max),$35k,85.60,,10807,13597,Tournament,0.05,0,/entry/EAHETLYAG,
S3406091008,nfl,2024/10/14,$1K FREE Mon NFL Rush/Rec Yards Only,$0k,213,,23918,34032,Tournament,0,0,/entry/EQWEGFNKK,
S3405942953,mlb,2024/10/13,$250 Sun MLB Stolen Base (Single Entry),$35k,44.90,,84,115,Tournament,2,0,/entry/BCIXIFYZC,
S3405942522,mlb,2024/10/13,$250 Sun MLB Stolen Base (Single Entry),$35k,44.90,,59,81,Tournament,2,0,/entry/EOSOSDPUY,
S3405290974,nfl,2024/10/13,$1K FREE Sun NFL Touchdowns Only,$0k,2,,18981,46996,Tournament,0,0,/entry/CKOSRYIXY,
S3405287979,nfl,2024/10/13,$125 Practice Squad Weekly FDP Loyalty Free Play,$60k,108.42,,9206,18805,Tournament,0,0,/entry/EAVCBVNOG,
S3402389545,nfl,2024/10/13,$1.5M NFL Sunday Million ($300K to 1st),$60k,108.42,,59298,110248,Tournament,15,0,/entry/CHJRBSFWT,
S3402202208,mlb,2024/10/08,$300 MLB Triple Up ($5),$35k,68.30,,52,59,Tournament,5,0,/entry/EFQOXCTZY,
S3402200350,mlb,2024/10/08,$150 MLB Double Up ($5),$35k,68.30,,28,31,Tournament,5,0,/entry/EBJJAPMIW,
S3402200304,mlb,2024/10/08,$200 MLB Double Up ($2),$35k,68.30,,85,91,Tournament,2,0,/entry/CQMAKDDCW,
S3402200288,mlb,2024/10/08,$300 MLB Triple Up ($2),$35k,68.30,,96,106,Tournament,2,0,/entry/CSBSWDMWK,
S3402200260,mlb,2024/10/08,$500 Tue MLB Bean Ball (5 Entries Max),$35k,68.30,,210,237,Tournament,2.22,0,/entry/CGHWDQWPA,
S3402200239,mlb,2024/10/08,$250 MLB Small Bunt,$35k,68.30,,222,257,Tournament,1,0,/entry/EFCRLPDRA,
S3402187921,mlb,2024/10/08,$300 Tue MLB Pinch Hit (Only $0.25 To Enter),$35k,68.30,,1280,1436,Tournament,0.25,0,/entry/DNLWMADLE,
S3400976544,nfl,2024/10/06,$1K NFL Small Squib (Single Entry),$60k,66.41,,401,1190,Tournament,1,0,/entry/AYPZLHXEM,
S3399634283,nfl,2024/10/06,$1K FREE Sun NFL Touchdowns Only,$0k,3,,759,49771,Tournament,0,0,/entry/CDQJIYCWR,
S3398622710,nfl,2024/10/06,$125 Practice Squad Weekly FDP Loyalty Free Play,$60k,101.26,,15272,19457,Tournament,0,0,/entry/BHEKHYURL,
S3398366181,nfl,2024/10/03,$9K Thu NFL Pooch Punt (150 Entries Max),$60k,107.26,,88389,212492,Tournament,0.05,0,/entry/BVBXCHHLP,
S3398305776,mlb,2024/10/03,$500 MLB Small Rally,$35k,62.55,,40,92,Tournament,5,0,/entry/BZXAFSXDY,
S3398299046,mlb,2024/10/03,$100 MLB Double Up ($2),$35k,62.55,,18,47,Tournament,2,4.00,/entry/DQRHJAUFA,
S3398298742,mlb,2024/10/03,$300 MLB Triple Up ($5),$35k,62.55,,23,46,Tournament,5,0,/entry/CQMAMDIGO,
S3398298557,mlb,2024/10/03,$200 MLB Double Up ($2),$35k,62.55,,29,76,Tournament,2,4.00,/entry/DPBOXAKLM,
S3398298388,mlb,2024/10/03,$300 MLB Quintuple Up - 5x ($2),$35k,62.55,,55,131,Tournament,2,0,/entry/DNLWLLFNU,
S3398298192,mlb,2024/10/03,$300 MLB Triple Up ($2),$35k,62.55,,40,92,Tournament,2,6.00,/entry/DWAIGIHDY,
S3398297294,mlb,2024/10/03,$250 MLB Small Bunt,$35k,62.55,,79,184,Tournament,1,0,/entry/AOZRTZPEG,
S3398296799,mlb,2024/10/03,MLB tournament,$35k,,,0,,Cancelled,12,0,/entry/ABCFCRKGW, voided
S3397870324,nfl,2024/10/03,$1K FREE Thu NFL Rush/Rec Yards Only,$0k,293,,2748,28754,Tournament,0,0,/entry/DTWTDLFKI,
S3397579825,mlb,2024/10/02,$300 MLB Triple Up ($2),$35k,121.30,,35,121,Tournament,2,6.00,/entry/EKLSRTVFX,
S3397579545,mlb,2024/10/02,$1.5K Wed MLB Squeeze ($300 to 1st),$35k,32.90,,77,143,Tournament,9,0,/entry/AQPKNLWEN,
S3397513671,mlb,2024/10/02,$1.5K Wed MLB Wiffle Ball (150 Entries Max),$35k,121.30,,5534,35928,Tournament,0.05,0.10,/entry/CMSSFWSFM,
S3397312520,mlb,2024/10/01,$3K Tue MLB Rally ($500 to 1st),$35k,46.50,,463,1190,Tournament,3,0,/entry/AXODZUATT,
S3397303234,nfl,2024/10/06,$1.6M NFL Sunday Million ($300K to 1st),$60k,101.26,,94700,121962,Tournament,15,0,/entry/BMNLVLQQJ,
S3397294164,mlb,2024/10/01,$800 Tue MLB Stolen Base (Single Entry),$35k,105.70,,111,294,Tournament,2,4.00,/entry/AQPLBCCCV,
S3396835673,nfl,2024/09/30,$600 Sun NFL Triple Up ($2),$60k,110.13,,64,190,Tournament,2,6.00,/entry/BSYHTFXAE,
S3396835175,nfl,2024/09/30,$1K Sun NFL Small Squib (Single Entry),$60k,110.13,,164,1099,Tournament,1,2.50,/entry/BQGUIEBIE,
S3396835081,nfl,2024/09/30,NFL tournament,$60k,,,0,,Cancelled,1,0,/entry/ABQDHDFPW, voided
S3396506408,nfl,2024/09/30,$1K FREE Mon NFL Rush/Rec Yards Only,$0k,125,,12390,12894,Tournament,0,0,/entry/DGNECJSDH,
S3395480808,nfl,2024/09/29,$1K FREE Sun NFL Touchdowns Only,$0k,2,,12934,50270,Tournament,0,0,/entry/DYRWLMDMB,
S3395479154,nfl,2024/09/29,$50 Free Agent Weekly FDP Loyalty Free Play,$60k,85.80,,4873,5788,Tournament,0,0,/entry/AKEPELRJP,
S3392723644,nfl,2024/09/26,$1K FREE Thu NFL Rush/Rec Yards Only,$0k,278,,1012,35449,Tournament,0,0,/entry/ABCFFGNGI,
S3392301709,nfl,2024/09/29,FREE Super Satellite to NFL Sunday Million on 10/6 (4K Tickets),$60k,85.80,,28632,33454,Tournament,0,0,/entry/CESELHIJU,
S3392301698,nfl,2024/09/29,FREE Super Satellite to NFL All Out Blitz on 10/20 (300 Tickets),$60k,85.80,,29151,34286,Tournament,0,0,/entry/DXQBNOMZM,
S3392301620,nfl,2024/09/29,FREE Super Satellite to NBA Opening Night Shot (7K Tickets),$60k,85.80,,33233,39137,Tournament,0,0,/entry/ECZCKHCDY,
S3391305326,nfl,2024/09/23,$1K FREE Mon NFL Rush/Rec Yards Only,$0k,226,,5591,16164,Tournament,0,0,/entry/EXVIRUDFX,
S3386818838,nfl,2024/09/22,$150K Sun NFL Hail Mary (Top 60% Paid!),$60k,98.96,,283763,500000,Tournament,0.25,0.40,/entry/ASTAEGPQH,
S3385877091,nfl,2024/09/16,$1K FREE Mon NFL Rush/Rec Yards Only,$0k,180,,16488,17462,Tournament,0,0,/entry/AJCSRCLKR,
S3385876905,nfl,2024/09/16,$1K FREE Mon NFL Rush/Rec Yards Only,$0k,236,,25407,29423,Tournament,0,0,/entry/BZJCELCTT,
S3382358370,nfl,2024/09/12,$1K FREE Thu NFL Rush/Rec Yards Only,$0k,143,,9044,17233,Tournament,0,0,/entry/BGCNZQCAA,
S3382358160,nfl,2024/09/15,$1K FREE Sun NFL Touchdowns Only,$0k,2,,5060,72881,Tournament,0,0,/entry/CBMRMMKRW,
S3376963611,mlb,2024/09/04,$200 MLB Double Up ($2),$35k,97.80,,68,88,Tournament,2,0,/entry/DFZEVGDIP,
S3376963583,mlb,2024/09/04,$300 MLB Triple Up ($2),$35k,97.80,,106,131,Tournament,2,0,/entry/ADTRSYOPN,
S3376963430,mlb,2024/09/04,$250 MLB Small Bunt,$35k,97.80,,182,254,Tournament,1,0,/entry/BWRORJBQP,
S3376863268,mlb,2024/09/04,$2.5K Wed MLB Wiffle Ball (150 Entries Max),$35k,97.80,,41894,53667,Tournament,0.05,0,/entry/ABQAZAWVL,
S3376607736,mlb,2024/09/03,$300 MLB Triple Up ($2),$35k,153,,26,116,Tournament,2,6.00,/entry/ACDYOOXRL,
S3376607640,mlb,2024/09/03,$250 MLB Small Bunt,$35k,153,,51,206,Tournament,1,2.00,/entry/AOLSUALTX,
S3376607601,mlb,2024/09/03,$250 Tue MLB Stolen Base (Single Entry),$35k,153,,34,119,Tournament,2,4.00,/entry/EPURTWOPT,
S3376607531,mlb,2024/09/03,$250 Tue MLB Bunt (Single Entry),$35k,153,,62,231,Tournament,1,2.00,/entry/CLCYDDEFX,
S3376533700,mlb,2024/09/03,$2.5K Tue MLB Wiffle Ball (150 Entries Max),$35k,153,,14950,57718,Tournament,0.05,0.10,/entry/ETOAJTACW,
S3376532620,nfl,2024/09/08,$1K FREE Sun NFL Touchdowns Only,$0k,2,,25692,49179,Tournament,0,0,/entry/CKPARPNXA,
S3376532572,nfl,2024/09/05,$1K FREE Thu NFL Rush/Rec Yards Only,$0k,158,,33229,50105,Tournament,0,0,/entry/BOQZSBTHI,
S3375971817,mlb,2024/09/01,$300 MLB Triple Up ($2),$35k,98,,85,118,Tournament,2,0,/entry/EMPHWCEJQ,
S3375953773,mlb,2024/09/01,$300 MLB Triple Up ($2),$35k,98,,74,102,Tournament,2,0,/entry/EGELDUSQD,
S3375953275,mlb,2024/09/01,$250 MLB Small Bunt,$35k,98,,129,193,Tournament,1,0,/entry/BJHYYNEYT,
S3375950359,mlb,2024/09/01,$2K Sun MLB Wiffle Ball (150 Entries Max),$35k,98,,30797,47904,Tournament,0.05,0,/entry/FBOOOBYGX,
S3375734172,mlb,2024/08/31,$300 MLB Triple Up ($2),$35k,195.60,,1,119,Tournament,2,6.00,/entry/DFLHIORLU,
S3375730557,mlb,2024/08/31,$200 Sat MLB Bunt (Single Entry),$35k,195.60,,5,160,Tournament,1,5.75,/entry/DLIFPJPNA,
S3375730472,mlb,2024/08/31,$2K Sat MLB Wiffle Ball (150 Entries Max),$35k,195.60,,490,45701,Tournament,0.05,0.25,/entry/DNZTBEBYC,
S3375428447,mlb,2024/08/30,$200 MLB Double Up ($2),$35k,100.20,,58,91,Tournament,2,0,/entry/BRINKPMFZ,
S3375428401,mlb,2024/08/30,$300 MLB Triple Up ($2),$35k,100.20,,84,126,Tournament,2,0,/entry/CVVAELKRJ,
S3375424589,mlb,2024/08/30,$500 Practice Squad Monthly FDP Loyalty Free Play,$35k,100.20,,1616,2478,Tournament,0,0,/entry/BNBHKMYXN,
S3375424295,mlb,2024/08/30,$2.5K Fri MLB Wiffle Ball (150 Entries Max),$35k,100.20,,38270,55210,Tournament,0.05,0,/entry/AIAXDZOOH,
S3374739739,nfl,2024/09/08,$3.33M NFL Sunday Million ($1M to 1st),$60k,95.12,,419617,628434,Tournament,5,0,/entry/CESDMXLLT,
S3364331613,mlb,2024/08/05,$250 MLB Small Bunt,$35k,152.30,,58,164,Tournament,1,2.00,/entry/CUFGXBLYB,
S3364328243,mlb,2024/08/05,$3K Mon MLB Wiffle Ball (150 Entries Max),$35k,152.30,,20658,68023,Tournament,0.05,0.10,/entry/FETYUPUJD,
S3363718104,mlb,2024/08/02,$300 MLB Triple Up ($2),$35k,192.70,,51,140,Tournament,2,0,/entry/CZOHADFKP,
S3363706779,mlb,2024/08/02,$3K Fri MLB Wiffle Ball (150 Entries Max),$35k,192.70,,11976,69014,Tournament,0.05,0.10,/entry/DZFQQRHCH,
S3361911633,mlb,2024/07/25,Satellite to MLB Home Run on 8/13,$35k,68.80,,97,98,Tournament,1,0,/entry/FDSDAMFHJ,
S3361907684,mlb,2024/07/25,$100 Thu MLB Stolen Base (Single Entry),$35k,68.80,,53,56,Tournament,2,0,/entry/CSBPYDHBF,
S3361903425,mlb,2024/07/25,$300 MLB Triple Up ($2),$35k,68.80,,117,120,Tournament,2,0,/entry/BFOPCRGLV,
S3361903108,mlb,2024/07/25,$250 MLB Small Bunt,$35k,68.80,,238,243,Tournament,1,0,/entry/EBJGJINAP,
S3361887762,mlb,2024/07/25,$2K Thu MLB Wiffle Ball (150 Entries Max),$35k,68.80,,39963,42020,Tournament,0.05,0,/entry/FBONPGWPV,
S3361310791,mlb,2024/07/22,$200 Mon MLB Stolen Base (Single Entry),$35k,79.90,,53,91,Tournament,2,0,/entry/CMSPMWZLS,
S3361299530,mlb,2024/07/22,$250 MLB Small Bunt,$35k,116.40,,45,151,Tournament,1,2.00,/entry/CSPNYHFUQ,
S3361256911,mlb,2024/07/22,$3K Mon MLB Wiffle Ball (150 Entries Max),$35k,116.40,,19844,71856,Tournament,0.05,0.10,/entry/BRILPKSSJ,
S3360621473,mlb,2024/07/19,$250 MLB Small Bunt,$35k,170.90,,9,237,Tournament,1,5.50,/entry/EDMXJVSFM,
S3360615858,mlb,2024/07/19,$250 Free Agent Monthly FDP Loyalty Free Play,$35k,163.70,,189,2753,Tournament,0,0.25,/entry/CWWUPWQQO,
S3360611390,mlb,2024/07/19,$10K Fri MLB  Free Play,$35k,170.90,,1542,36960,Tournament,0,0,/entry/BFARIRQCT,
S3360611306,mlb,2024/07/19,$10K Fri MLB  Free Play,$35k,163.70,,2613,36960,Tournament,0,0,/entry/DHOVBEJRB,
S3360611200,mlb,2024/07/19,$10K Fri MLB  Free Play,$35k,132.60,,11195,36960,Tournament,0,0,/entry/AAOESOQHJ,
S3360316405,pga,2024/07/17,$50 Free Agent Weekly FDP Loyalty Free Play (3 of 4),$60k,262.20,,524,2610,Tournament,0,0,/entry/CTRJDFOOP,
S3356596467,pga,2024/07/17,$400K Thu PGA Mega Eagle ($100K to 1st),$60k,130.50,,27513,31372,Tournament,15,0,/entry/DUYKYLVQA,
S3352762908,mlb,2024/06/25,$1K Tue MLB Free Play (Experienced Players Excluded),$35k,96.50,,707,1108,Tournament,0,0,/entry/ACDWOCFIT,
S3350982018,mlb,2024/06/18,$4K MLB Tue Single Stat Strikeouts Only,$0k,14,,1482,3473,Tournament,1,0,/entry/EIVVVLRAP,
S3350981448,mlb,2024/06/18,$4K MLB Tue Single Stat Strikeouts Only,$0k,17,,322,3473,Tournament,1,0,/entry/DIQOYOFCD,
S3350506007,nba,2024/06/17,$4K Mon NBA Piggy Bank Shot (150 Entries Max),$60k,258.39,,27276,93474,Tournament,0.05,0.07,/entry/BQGPZPAFY,
S3349772866,mlb,2024/06/14,Satellite to PGA MEGA Eagle on 7/18 (20 Tickets),$35k,116,,44,102,Tournament,2,0,/entry/EHUBPMDAZ,
S3349771091,mlb,2024/06/14,Satellite to PGA MEGA Eagle on 7/18 (20 Tickets),$35k,166.80,,5,95,Tournament,2,0,/entry/DMJYDTPYB,
S3349770915,mlb,2024/06/14,Satellite to PGA MEGA Eagle on 7/18 (20 Tickets),$35k,107,,59,102,Tournament,2,0,/entry/CCOKMXQKZ,
S3349730810,mlb,2024/06/14,$3K Fri MLB Wiffle Ball (150 Entries Max),$35k,107,,29917,60439,Tournament,0.05,0,/entry/CKBATZEPI,
S3349728400,mlb,2024/06/14,$3K Fri MLB Wiffle Ball (150 Entries Max),$35k,166.80,,2949,60439,Tournament,0.05,0.15,/entry/CZAIQUQAW,
S3349661409,mlb,2024/06/14,$3K Fri MLB Wiffle Ball (150 Entries Max),$35k,120.20,,20596,60439,Tournament,0.05,0.10,/entry/ARDEDAOUH,
S3349657780,mlb,2024/06/14,$3K Fri MLB Wiffle Ball (150 Entries Max),$35k,116,,24141,60439,Tournament,0.05,0,/entry/DRSYRLHLV,
S3348560838,mlb,2024/06/11,$1K Tue MLB Free Play (Experienced Players Excluded),$35k,33.40,,1012,1027,Tournament,0,0,/entry/BSKFVCUYA,
S3346958898,nba,2024/06/06,$10K NBA Finals Game 1 Free Play,$60k,215.09,,14680,42120,Tournament,0,0,/entry/CXKPVARTX,
S3346958788,nba,2024/06/06,$1_000 Reserve Monthly FDP Loyalty Free Play,$60k,215.09,,1015,2910,Tournament,0,0,/entry/BRWIBZOLL,
S3346559787,mlb,2024/06/05,$4K Wed MLB Rally ($1K to 1st),$35k,126.50,,605,1190,Tournament,4,0,/entry/DUYJMPLXN,
S3346409735,mlb,2024/06/04,$1K Tue MLB Free Play (Experienced Players Excluded),$35k,148.30,,145,993,Tournament,0,0,/entry/FGJPWMNOB,
S3346409487,mlb,2024/06/04,$200 Reserve Weekly FDP Loyalty Free Play (1 of 4),$35k,148.30,,254,1503,Tournament,0,0,/entry/CHJNSBZJL,
S3346080894,mlb,2024/06/03,$2K Mon MLB Bunt (Single Entry),$35k,155.40,,185,2380,Tournament,1,3.00,/entry/EUBVXQNAK,
S3346080763,mlb,2024/06/03,$10K Mon MLB Pinch Hit (Only $0.25 To Enter),$35k,155.40,,4403,45959,Tournament,0.25,0.60,/entry/DEXHKNDES,
S3346080616,mlb,2024/06/03,$1.5K Mon MLB Stolen Base (Single Entry),$35k,155.40,,92,892,Tournament,2,5.00,/entry/EHGEFUYXI,
S3346080359,mlb,2024/06/03,$250 Mon MLB Sac Fly (3 Entries Max),$35k,155.40,,34,297,Tournament,1,2.00,/entry/AAOEJNSUG,
S3346080028,mlb,2024/06/03,$3.5K Mon MLB Wiffle Ball (150 Entries Max),$35k,155.40,,7547,74604,Tournament,0.05,0.10,/entry/CKOYWZSIO,
S3345666881,mlb,2024/06/01,$200 Sat MLB Stolen Base (Single Entry),$35k,130,,29,119,Tournament,2,4.00,/entry/CUFETVXMJ,
S3345665553,mlb,2024/06/01,$200 Sat MLB Stolen Base (Single Entry),$35k,24.40,,118,119,Tournament,2,0,/entry/CILHXMPQJ,
S3344633050,mlb,2024/05/29,MLB Head-to-head (ARI @ TEX),$35k,80.90,38.45,1,2,igoracha,2,3.60,/entry/BTMADRLXL,
S3344632795,mlb,2024/05/29,MLB Head-to-head (ARI @ TEX),$35k,42.70,54.45,2,2,igoracha,5,0,/entry/BXTGBMICB,
S3344631890,mlb,2024/05/29,MLB Head-to-head (ARI @ TEX),$35k,45,65.5,2,2,igoracha,25,0,/entry/DDVLMYBEZ,
S3344606973,mlb,2024/05/29,MLB Head-to-head (ARI @ TEX),$35k,54.80,60.8,2,2,igoracha,50,0,/entry/FGJPTIMOZ,
S3344375015,mlb,2024/05/28,$2K Tue MLB Free Play (Experienced Players Excluded),$35k,223.70,,3,919,Tournament,0,0,/entry/AVKJEWXVT,
S3326135699,nba,2024/04/16,$30K NBA Play-In Free Entry Contest,$60k,281.50,,3108,22606,Tournament,0,0,/entry/ESMNKTXXQ,
S3304091592,nba,2024/02/22,$22K NBA Free Play,$60k,265.30,,31059,58522,Tournament,0,0,/entry/AGZIJOGXG,
S3235825019,nfl,2023/11/23,$250 Free Agent Monthly FDP Loyalty Free Play,$60k,130.42,,3158,23455,Tournament,0,0,/entry/BENGBJVNC,
S3235817544,nfl,2023/11/26,Up &amp; Adams $50Kay Challenge (Free Play),$60k,104.40,,97259,134000,Tournament,0,0,/entry/AIPFGHQGM,
S3225336874,nfl,2023/11/16,$10K Thu NFL Pooch Punt (150 Entries Max),$60k,59.04,,133225,239520,Tournament,0.05,0,/entry/AJDBTSVKJ,
S3225336767,nfl,2023/11/16,$10K Thu NFL Pooch Punt (150 Entries Max),$60k,64.91,,86928,239520,Tournament,0.05,0,/entry/BLLYPIDAF,
S3225336745,nfl,2023/11/16,$10K Thu NFL Pooch Punt (150 Entries Max),$60k,63.76,,92412,239520,Tournament,0.05,0,/entry/DDIAOFZGZ,
S3225336503,nfl,2023/11/16,$20K Thu NFL Hail Mary ($0.25 to Enter),$60k,59.04,,55264,95808,Tournament,0.25,0,/entry/EAVTZUDQF,
S3225334177,nfl,2023/11/16,$20K Thu NFL Hail Mary ($0.25 to Enter),$60k,64.91,,35950,95808,Tournament,0.25,0,/entry/AEHYKZGRH,
S3225333981,nfl,2023/11/16,$7K Thu NFL All Rookie (No Experienced Players),$60k,64.91,,1579,3888,Tournament,2,0,/entry/FDEQWYLQV,
S3225331833,nfl,2023/11/16,NFL Beginner Double Up ($2),$60k,71.68,,4,11,Tournament,2,4.00,/entry/BFPAEFION,
S3225331721,nfl,2023/11/16,NFL Beginner Double Up ($1),$60k,71.68,,3,11,Tournament,1,2.00,/entry/CJNPMCLVD,
S3225331572,nfl,2023/11/16,NFL Beginner 50/50 ($1) (CIN @ BAL),$60k,71.68,,1,10,10 player league,1,1.80,/entry/CZOSBVAMR,
S3225331000,nfl,2023/11/16,50/50 League ($2 - Top 50% Win) (CIN @ BAL),$60k,71.68,,15,100,Tournament,2,3.60,/entry/DPPUSGFXH,
S3225330725,nfl,2023/11/16,50/50 League ($1 - Top 50% Win) (CIN @ BAL),$60k,71.68,,14,50,50 player league,1,1.80,/entry/AEHYINWOV,
S3225330689,nfl,2023/11/16,50/50 League ($1 - Top 50% Win) (CIN @ BAL),$60k,71.68,,6,50,50 player league,1,1.80,/entry/DIDDXGZXH,
S3225330646,nfl,2023/11/16,50/50 League ($1 - Top 50% Win) (CIN @ BAL),$60k,71.68,,7,50,50 player league,1,1.80,/entry/AQBVBHYTL,
S3225330607,nfl,2023/11/16,50/50 League ($1 - Top 50% Win) (CIN @ BAL),$60k,71.68,,28,100,Tournament,1,1.80,/entry/AGLOHNEDL,
S3225330590,nfl,2023/11/16,50/50 League ($1 - Top 50% Win) (CIN @ BAL),$60k,71.68,,16,100,Tournament,1,1.80,/entry/EYXKWOMLD,
S3225330524,nfl,2023/11/16,50/50 League ($1 - Top 50% Win) (CIN @ BAL),$60k,71.68,,17,100,Tournament,1,1.80,/entry/DKURIMONX,
S3225330396,nfl,2023/11/16,NFL Beginner 50/50 ($2) (CIN @ BAL),$60k,71.68,,2,10,10 player league,2,3.60,/entry/CVVJSCXSB,
S3225330323,nfl,2023/11/16,NFL Beginner 50/50 ($2) (CIN @ BAL),$60k,71.68,,19,100,Tournament,2,3.60,/entry/AIPEGEZUV,
S3225329851,nfl,2023/11/16,NFL Beginner 50/50 ($1) (CIN @ BAL),$60k,71.68,,22,100,Tournament,1,1.80,/entry/DACPPIWCF,
S3224767784,nba,2023/11/14,$50 Free Agent Weekly FDP Loyalty Free Play (3 of 4),$60k,277.10,,3175,10142,Tournament,0,0,/entry/BBHVDMUVH,
S3224616419,nfl,2023/11/13,50/50 League ($1 - Top 50% Win) (DEN @ BUF),$60k,39.37,,94,100,Tournament,1,0,/entry/DUYVQKCOQ,
S3224615486,nfl,2023/11/13,50/50 League ($1 - Top 50% Win) (DEN @ BUF),$60k,39.37,,48,50,50 player league,1,0,/entry/DHBIZNCNC,
S3224614809,nfl,2023/11/13,50/50 League ($2 - Top 50% Win) (DEN @ BUF),$60k,39.37,,96,100,Tournament,2,0,/entry/EPHEETXCM,
S3224609334,nfl,2023/11/13,$7K Mon NFL All Rookie (No Experienced Players),$60k,52.37,,2546,3888,Tournament,2,0,/entry/EIIKZIRYQ,
S3224607354,nfl,2023/11/13,$7K Mon NFL All Rookie (No Experienced Players),$60k,39.37,,3737,3888,Tournament,2,0,/entry/BYVNZDCCQ,
S3224600934,nfl,2023/11/13,NFL Beginner 50/50 ($2) (DEN @ BUF),$60k,39.37,,10,10,10 player league,2,0,/entry/ECLMURSCQ,
S3224600640,nfl,2023/11/13,NFL Beginner Double Up ($2),$60k,39.37,,10,11,Tournament,2,0,/entry/CVHMPBHGE,
S3224600311,nfl,2023/11/13,NFL Beginner 50/50 ($2) (DEN @ BUF),$60k,39.37,,98,100,Tournament,2,0,/entry/DKURSVASY,
S3224594195,nfl,2023/11/13,NFL Beginner Double Up ($1),$60k,39.37,,11,11,Tournament,1,0,/entry/AHNJPPNTK,
S3219750301,nfl,2023/11/09,NFL Beginner Double Up ($2),$60k,56.68,,1,11,Tournament,2,4.00,/entry/BYVOFHKTA,
S3219746757,nfl,2023/11/09,NFL tournament,$60k,,,0,,Cancelled,1,0,/entry/DKURWNZGW, voided
S3219744821,nfl,2023/11/09,NFL Beginner 50/50 ($1) (CAR @ CHI),$60k,56.68,,1,100,Tournament,1,1.80,/entry/BMNUHHTWO,
S3216881861,nfl,2023/11/06,$20K Mon NFL Hail Mary (0.25 To Enter),$60k,56.10,,32369,95808,Tournament,0.25,0,/entry/BODKZORWC,
S3216878632,nfl,2023/11/06,$10K Mon NFL Pooch Punt (150 Entries Max),$60k,49.20,,117495,226840,Tournament,0.05,0,/entry/EJKEQVQNI,
S3216878193,nfl,2023/11/06,$10K Mon NFL Pooch Punt (150 Entries Max),$60k,42.21,,164001,226840,Tournament,0.05,0,/entry/FDEPRVIKG,
S3216876749,nfl,2023/11/06,$10K Mon NFL Pooch Punt (150 Entries Max),$60k,56,,78663,226840,Tournament,0.05,0,/entry/ACSEUZPGC,
S3216874678,nfl,2023/11/06,$10K Mon NFL Pooch Punt (150 Entries Max),$60k,33.51,,216251,226840,Tournament,0.05,0,/entry/COWPNPFBM,
S3216873695,nfl,2023/11/06,$10K Mon NFL Pooch Punt (150 Entries Max),$60k,70.69,,26150,226840,Tournament,0.05,0.10,/entry/DCUCFQARY,
S3216873167,nfl,2023/11/06,$10K Mon NFL Pooch Punt (150 Entries Max),$60k,44.11,,150356,226840,Tournament,0.05,0,/entry/BJIHUCWXE,
S3216871931,nfl,2023/11/06,$10K Mon NFL Pooch Punt (150 Entries Max),$60k,68.51,,29294,226840,Tournament,0.05,0.10,/entry/CHJYTEWVY,
S3216869649,nfl,2023/11/06,50/50 League ($2 - Top 50% Win) (LAC @ NYJ),$60k,83.14,,4,20,20 player league,2,3.60,/entry/EOTFSOSVI,
S3216868712,nfl,2023/11/06,50/50 League ($2 - Top 50% Win) (LAC @ NYJ),$60k,83.14,,3,20,20 player league,2,3.60,/entry/DTWZSRHYO,
S3216868661,nfl,2023/11/06,50/50 League ($2 - Top 50% Win) (LAC @ NYJ),$60k,83.14,,11,100,Tournament,2,3.60,/entry/EMBSHUJAO,
S3216868577,nfl,2023/11/06,50/50 League ($2 - Top 50% Win) (LAC @ NYJ),$60k,83.14,,9,100,Tournament,2,3.60,/entry/CXYYTDNIW,
S3216868516,nfl,2023/11/06,50/50 League ($2 - Top 50% Win) (LAC @ NYJ),$60k,83.14,,10,100,Tournament,2,3.60,/entry/ABQKAFZSC,
S3216868328,nfl,2023/11/06,50/50 League ($2 - Top 50% Win) (LAC @ NYJ),$60k,83.14,,10,100,Tournament,2,3.60,/entry/DTWZSYTVU,
S3216867854,nfl,2023/11/06,50/50 League ($2 - Top 50% Win) (LAC @ NYJ),$60k,83.14,,7,100,Tournament,2,3.60,/entry/DIDDAMDOK,
S3216867809,nfl,2023/11/06,NFL Beginner 50/50 ($2) (LAC @ NYJ),$60k,,,1,25,Tournament,2,0,/entry/DLWLLEIZI, endedunmatched
S3216867731,nfl,2023/11/06,50/50 League ($2 - Top 50% Win) (LAC @ NYJ),$60k,83.14,,6,100,Tournament,2,3.60,/entry/AEHXQTNJM,
S3216867586,nfl,2023/11/06,NFL Beginner 50/50 ($1) (LAC @ NYJ),$60k,83.14,,2,10,10 player league,1,1.80,/entry/DUYUXPQSG,
S3216867554,nfl,2023/11/06,50/50 League ($1 - Top 50% Win) (LAC @ NYJ),$60k,83.14,,7,50,50 player league,1,1.80,/entry/BBVRCPDPY,
S3216867424,nfl,2023/11/06,50/50 League ($1 - Top 50% Win) (LAC @ NYJ),$60k,83.14,,8,50,50 player league,1,1.80,/entry/BQHBGLBMO,
S3216867388,nfl,2023/11/06,50/50 League ($1 - Top 50% Win) (LAC @ NYJ),$60k,83.14,,5,50,50 player league,1,1.80,/entry/AGZLCKGVY,
S3216867342,nfl,2023/11/06,NFL Beginner 50/50 ($1) (LAC @ NYJ),$60k,,,1,39,Tournament,1,0,/entry/FEUIOPJDY, endedunmatched
S3216867275,nfl,2023/11/06,50/50 League ($1 - Top 50% Win) (LAC @ NYJ),$60k,83.14,,7,100,Tournament,1,1.80,/entry/DYSDIEDEO,
S3216867226,nfl,2023/11/06,50/50 League ($1 - Top 50% Win) (LAC @ NYJ),$60k,83.14,,6,100,Tournament,1,1.80,/entry/CRAFQDSHM,
S3216866987,nfl,2023/11/06,50/50 League ($1 - Top 50% Win) (LAC @ NYJ),$60k,83.14,,8,100,Tournament,1,1.80,/entry/FFIGBVSWG,
S3216864865,nfl,2023/11/06,NFL Beginner Double Up ($1),$60k,83.14,,1,11,Tournament,1,2.00,/entry/BWDZRGKBA,
S3207265126,nfl,2023/10/29,$10K Hulu + Live TV Football Challenge,$60k,149.42,,7433,267173,Tournament,0,0.25,/entry/DIRAIOHAR,
S3207264468,nfl,2023/10/29,$10K Hulu + Live TV Football Challenge,$60k,142.42,,14325,267173,Tournament,0,0.10,/entry/EHUMKZPIJ,
S3207263840,nfl,2023/10/29,$10K Hulu + Live TV Football Challenge,$60k,167.02,,980,267173,Tournament,0,1.00,/entry/BXTRXRISR,
S3205437441,mlb,2023/10/27,$50 Free Agent Weekly FDP Loyalty Free Play (4 of 4),$35k,88.70,,13880,18524,Tournament,0,0,/entry/AEVUSJWBX,
S3204553952,nfl,2023/10/26,$10K Thu NFL Pooch Punt (150 Entries Max),$60k,80.81,,116533,239520,Tournament,0.05,0,/entry/BBVRJPVSW,
S3204553665,nfl,2023/10/26,$10K Thu NFL Pooch Punt (150 Entries Max),$60k,66.01,,192914,239520,Tournament,0.05,0,/entry/EVRZOMSOS,
S3204553494,nfl,2023/10/26,$10K Thu NFL Pooch Punt (150 Entries Max),$60k,79.21,,124632,239520,Tournament,0.05,0,/entry/DONZJDTPM,
S3204553393,nfl,2023/10/26,$10K Thu NFL Pooch Punt (150 Entries Max),$60k,52.35,,228228,239520,Tournament,0.05,0,/entry/DSHHTVZAK,
S3204551824,nfl,2023/10/26,$45K Thu NFL Dive ($5K to 1st),$60k,52.35,,51113,53571,Tournament,1,0,/entry/CLDHPBXVQ,
S3202598715,nba,2023/10/24,$250 Free Agent Monthly FDP Loyalty Free Play,$60k,292.50,,1327,19998,Tournament,0,0,/entry/CLTHYSECQ,
S3201511125,nba,2023/10/24,$1M Tue NBA Clutch Shot ($200K to 1st),$60k,292.50,,23126,203086,Tournament,5,10.00,/entry/AEXXUUILX,
S3199250872,nfl,2023/10/22,$10K Hulu + Live TV Football Challenge,$60k,114.70,,77766,244743,Tournament,0,0,/entry/DOQCSDTOH,
S3199249914,nfl,2023/10/22,$10K Hulu + Live TV Football Challenge,$60k,94.90,,157372,244743,Tournament,0,0,/entry/DOQCTDWEP,
S3199248823,nfl,2023/10/22,$10K Hulu + Live TV Football Challenge,$60k,131.70,,31435,244743,Tournament,0,0,/entry/EVUCUIRRZ,
S3198224588,nba,2023/10/24,$1M Tue NBA Clutch Shot ($200K to 1st),$60k,298.50,,13805,203086,Tournament,5,12.00,/entry/AKGZBKEVV,
S3198224335,nfl,2023/10/22,$50 Free Agent Weekly FDP Loyalty Free Play (3 of 4),$60k,114.70,,12887,42379,Tournament,0,0,/entry/CEGQZDPSP,
S3197224424,nfl,2023/10/19,$700K NFL Thursday Night Special (Enter for Free NBA Voucher!),$60k,87.34,,7033,89344,Tournament,9,19.00,/entry/BOFOYMOMG,
S3193486612,nfl,2023/10/15,$10K Hulu + Live TV Football Challenge,$60k,95.42,,153718,256405,Tournament,0,0,/entry/BOTLBLONW,
S3193485807,nfl,2023/10/15,$10K Hulu + Live TV Football Challenge,$60k,91.20,,175417,256405,Tournament,0,0,/entry/CEUNSHYUI,
S3193484531,nfl,2023/10/15,$10K Hulu + Live TV Football Challenge,$60k,103.74,,107709,256405,Tournament,0,0,/entry/ASVKDJBKI,
S3193374885,nfl,2023/10/15,$50 Free Agent Weekly FDP Loyalty Free Play (2 of 4),$60k,122.22,,4634,45386,Tournament,0,0,/entry/CDSTWYIVH,
S3187017777,nfl,2023/10/08,$10K Hulu + Live TV Football Challenge,$60k,136.72,,41051,253442,Tournament,0,0,/entry/EQLAUFSDN,
S3187016465,nfl,2023/10/08,$10K Hulu + Live TV Football Challenge,$60k,127.14,,72077,253442,Tournament,0,0,/entry/AEKAAYKYT,
S3187015387,nfl,2023/10/08,$10K Hulu + Live TV Football Challenge,$60k,126.36,,75194,253442,Tournament,0,0,/entry/BIWMVUMAL,
S3185909893,nfl,2023/10/08,$50 Free Agent Weekly FDP Loyalty Free Play (1 of 4),$60k,133.64,,9832,46935,Tournament,0,0,/entry/DLKRRNWSX,
S3180988882,nfl,2023/10/01,$10K Hulu + Live TV Football Challenge,$60k,74.08,,208088,229452,Tournament,0,0,/entry/DWCQZAAYP,
S3180986761,nfl,2023/10/01,$10K Hulu + Live TV Football Challenge,$60k,71.38,,212368,229452,Tournament,0,0,/entry/DBUIRNFWH,
S3180985437,nfl,2023/10/01,$10K Hulu + Live TV Football Challenge,$60k,73.38,,209240,229452,Tournament,0,0,/entry/CXNCUWFGP,
S3177100630,nfl,2023/09/25,50/50 League ($5 - Top 50% Win) (PHI @ TB),$60k,70.26,,45,100,Tournament,5,7.71,/entry/BLACCZKFQ,
S3177098104,nfl,2023/09/25,50/50 League ($10 - Top 50% Win) (PHI @ TB),$60k,70.26,,45,100,Tournament,10,15.43,/entry/EKAEIVFWK,
S3174735366,nfl,2023/09/24,$10K Hulu + Live TV Football Challenge,$60k,97.06,,194307,230876,Tournament,0,0,/entry/AOAGKSFKG,
S3174733351,nfl,2023/09/24,$100K NFL Free Play (Win NBA Tickets!),$60k,78.76,,171417,178475,Tournament,0,0,/entry/DCWEONJWG,
S3174731230,nfl,2023/09/24,$10K Hulu + Live TV Football Challenge,$60k,106.86,,169236,230876,Tournament,0,0,/entry/DUMZRVISC,
S3174729820,nfl,2023/09/24,$100K NFL Free Play (Win NBA Tickets!),$60k,109.26,,125755,178475,Tournament,0,0,/entry/CZCWBGBKG,
S3174728085,nfl,2023/09/24,$10K Hulu + Live TV Football Challenge,$60k,131.16,,90267,230876,Tournament,0,0,/entry/ABSMJHBVA,
S3174726245,nfl,2023/09/24,$100K NFL Free Play (Win NBA Tickets!),$60k,144.76,,39777,178475,Tournament,0,0,/entry/EDBKESRYL,
